Date,Close SPX,Close XLK,Price relative
2022-01-14,4662.85,165.76,0.035549074
2022-01-13,4659.03,164.37,0.035279876
2022-01-12,4726.35,168.74,0.035701969
2022-01-11,4713.07,167.95,0.035634947
2022-01-10,4670.29,165.96,0.035535267
2022-01-07,4677.03,165.93,0.035477643
2022-01-06,4696.05,167.47,0.035661886
2022-01-05,4700.58,168.32,0.035808347
2022-01-04,4793.54,173.66,0.036227923
2022-01-03,4796.56,175.52,0.036592892
2021-12-31,4766.18,173.87,0.036479948
2021-12-30,4778.73,174.72,0.036562015
2021-12-29,4793.06,175.88,0.036694721
2021-12-28,4786.35,175.73,0.036714824
2021-12-27,4791.19,176.65,0.036869755
2021-12-23,4725.79,172.94,0.03659494
2021-12-22,4696.56,171.98,0.036618291
2021-12-21,4649.23,169.76,0.036513573
2021-12-20,4568.02,165.57,0.036245463
2021-12-17,4620.64,167.88,0.036332629
2021-12-16,4668.67,169.01,0.036200888
2021-12-15,4709.85,173.94,0.036931112
2021-12-14,4634.09,169.45,0.036565971
2021-12-13,4668.97,172.28,0.036898931
2021-12-10,4712.02,174.88,0.037113595
2021-12-09,4667.45,171.44,0.036730977
2021-12-08,4701.21,173.31,0.036864977
2021-12-07,4686.75,172.52,0.036810156
2021-12-06,4591.67,166.7,0.036304874
2021-12-03,4538.43,165.13,0.036384829
2021-12-02,4577.1,167.94,0.036691355
2021-12-01,4513.04,166.41,0.03687315
2021-11-30,4567,168.72,0.036943289
2021-11-29,4655.27,170.14,0.036547826
2021-11-26,4594.62,165.99,0.036127036
2021-11-24,4701.46,170.24,0.036210028
2021-11-23,4690.7,169.01,0.03603087
2021-11-22,4682.94,169.4,0.036173857
2021-11-19,4697.96,171.31,0.036464763
2021-11-18,4704.54,170.07,0.036150187
2021-11-17,4688.67,168.39,0.035914236
2021-11-16,4700.9,168.9,0.03592929
2021-11-15,4682.8,167.14,0.035692321
2021-11-12,4682.85,167.31,0.035728242
2021-11-11,4649.27,165.3,0.035553969
2021-11-10,4646.71,164.53,0.035407848
2021-11-09,4685.25,167.29,0.035705672
2021-11-08,4701.7,167.98,0.035727503
2021-11-05,4697.53,167.08,0.035567628
2021-11-04,4680.06,166.22,0.035516639
2021-11-03,4660.57,163.66,0.035115876
2021-11-02,4630.65,162.71,0.035137616
2021-11-01,4613.67,161.29,0.034959154
2021-10-29,4605.38,161.53,0.035074196
2021-10-28,4596.42,160.84,0.034992451
2021-10-27,4551.68,159.24,0.034984885
2021-10-26,4574.79,159.38,0.034838758
2021-10-25,4566.48,158.93,0.034803612
2021-10-22,4544.9,158.41,0.034854452
2021-10-21,4549.78,158.96,0.034937953
2021-10-20,4536.19,158.35,0.03490815
2021-10-19,4519.63,158.79,0.035133407
2021-10-18,4486.46,157.23,0.035045448
2021-10-15,4471.37,155.91,0.034868508
2021-10-14,4438.26,154.67,0.034849243
2021-10-13,4363.8,151.26,0.03466245
2021-10-12,4350.65,150.34,0.034555756
2021-10-11,4361.19,151.12,0.034651093
2021-10-08,4391.34,151.96,0.034604472
2021-10-07,4399.76,152.53,0.0346678
2021-10-06,4363.55,151.15,0.034639227
2021-10-05,4345.72,150.17,0.034555839
2021-10-04,4300.46,148.06,0.034428875
2021-10-01,4357.04,151.57,0.034787379
2021-09-30,4307.54,149.32,0.034664797
2021-09-29,4359.46,150.4,0.034499686
2021-09-28,4352.63,150.59,0.034597473
2021-09-27,4443.11,155.19,0.034928237
2021-09-24,4455.48,156.71,0.035172417
2021-09-23,4448.98,156.6,0.035199079
2021-09-22,4395.64,154.53,0.03515529
2021-09-21,4354.19,152.44,0.035009956
2021-09-20,4357.73,152.38,0.034967747
2021-09-17,4432.99,155.48,0.035073393
2021-09-16,4473.75,157.94,0.035303716
2021-09-15,4480.7,157.85,0.03522887
2021-09-14,4443.05,156.48,0.03521905
2021-09-13,4468.73,156.68,0.035061416
2021-09-10,4458.58,156.63,0.035130019
2021-09-09,4493.28,158.19,0.035205907
2021-09-08,4514.07,158.79,0.035176681
2021-09-07,4520.03,159.4,0.035265253
2021-09-03,4535.43,159.36,0.03513669
2021-09-02,4536.95,158.73,0.034986059
2021-09-01,4524.09,158.9,0.035123086
2021-08-31,4522.68,158.86,0.035125191
2021-08-30,4528.79,159.7,0.035263282
2021-08-27,4509.37,158,0.035038154
2021-08-26,4470,156.49,0.035008949
2021-08-25,4496.19,157.48,0.03502521
2021-08-24,4486.23,157.57,0.035123032
2021-08-23,4479.53,157.75,0.035215748
2021-08-20,4441.67,155.74,0.035063388
2021-08-19,4405.8,153.76,0.034899451
2021-08-18,4400.27,152.27,0.034604695
2021-08-17,4448.08,154.4,0.034711606
2021-08-16,4479.71,155.69,0.034754482
2021-08-13,4468,154.99,0.034688899
2021-08-12,4460.83,154.15,0.034556349
2021-08-11,4447.7,153.27,0.034460508
2021-08-10,4436.75,153.25,0.034541049
2021-08-09,4432.35,154.36,0.03482577
2021-08-06,4436.52,154.86,0.034905737
2021-08-05,4429.1,154.99,0.034993565
2021-08-04,4402.66,154.14,0.035010653
2021-08-03,4423.15,153.83,0.034778382
2021-08-02,4387.16,152.85,0.034840307
2021-07-30,4395.26,153.4,0.034901235
2021-07-29,4419.15,153.5,0.034735187
2021-07-28,4400.64,152.79,0.03471995
2021-07-27,4401.46,152.98,0.034756649
2021-07-26,4422.3,154.44,0.034923004
2021-07-23,4411.79,154.52,0.035024333
2021-07-22,4367.48,153,0.035031643
2021-07-21,4358.69,151.88,0.034845332
2021-07-20,4323.06,150.43,0.034797111
2021-07-19,4258.49,148.23,0.034808113
2021-07-16,4327.16,150.3,0.034734098
2021-07-15,4360.03,151.8,0.034816274
2021-07-14,4374.3,153.06,0.034990741
2021-07-13,4369.21,151.94,0.034775165
2021-07-12,4384.63,151.32,0.034511464
2021-07-09,4369.55,151.2,0.034603106
2021-07-08,4320.82,149.82,0.034673974
2021-07-07,4358.13,151.25,0.034705252
2021-07-06,4343.54,150.43,0.034633041
2021-07-02,4352.34,149.86,0.034432053
2021-07-01,4319.94,147.91,0.034238901
2021-06-30,4297.5,147.66,0.034359511
2021-06-29,4291.8,147.82,0.034442425
2021-06-28,4290.61,146.75,0.034202596
2021-06-25,4280.7,145.23,0.033926694
2021-06-24,4266.49,145.4,0.034079536
2021-06-23,4241.84,144.49,0.034063048
2021-06-22,4246.44,144.65,0.034063828
2021-06-21,4224.79,143.35,0.033930681
2021-06-18,4166.45,142.09,0.034103373
2021-06-17,4221.86,143.4,0.033966072
2021-06-16,4223.7,141.76,0.03356299
2021-06-15,4246.59,142.53,0.0335634
2021-06-14,4255.15,143.41,0.03370269
2021-06-11,4247.44,141.97,0.033424839
2021-06-10,4239.18,141.13,0.033291816
2021-06-09,4219.55,140.1,0.033202593
2021-06-08,4227.26,140,0.033118379
2021-06-07,4226.52,139.99,0.033121812
2021-06-04,4229.89,140.02,0.033102516
2021-06-03,4192.85,137.38,0.032765303
2021-06-02,4208.12,138.67,0.032952958
2021-06-01,4202.04,137.72,0.032774557
2021-05-28,4204.11,138.4,0.032920166
2021-05-27,4200.88,137.91,0.032828836
2021-05-26,4195.99,138.64,0.03304107
2021-05-25,4188.13,138.65,0.033105467
2021-05-24,4197.05,138.61,0.033025577
2021-05-21,4155.86,136.19,0.032770594
2021-05-20,4159.12,136.94,0.032925234
2021-05-19,4115.68,134.37,0.032648311
2021-05-18,4127.83,133.9,0.032438351
2021-05-17,4163.29,134.98,0.032421474
2021-05-14,4173.85,135.98,0.032579034
2021-05-13,4112.5,133.05,0.032352584
2021-05-12,4063.04,131.31,0.032318166
2021-05-11,4152.1,135.11,0.03254016
2021-05-10,4188.43,135.52,0.032355799
2021-05-07,4232.6,139.03,0.032847422
2021-05-06,4201.62,137.85,0.032808774
2021-05-05,4167.59,136.48,0.032747943
2021-05-04,4164.66,136.81,0.032850221
2021-05-03,4192.66,139.31,0.033227116
2021-04-30,4181.17,139.7,0.033411701
2021-04-29,4211.47,141.63,0.033629588
2021-04-28,4183.18,141.75,0.033885704
2021-04-27,4186.72,143.08,0.034174724
2021-04-26,4187.62,143.43,0.034250959
2021-04-23,4180.17,142.7,0.034137368
2021-04-22,4134.98,140.6,0.034002583
2021-04-21,4173.42,142.27,0.034089548
2021-04-20,4134.94,140.85,0.034063372
2021-04-19,4163.26,142.11,0.034134308
2021-04-16,4185.47,143.3,0.034237493
2021-04-15,4170.42,143.33,0.034368241
2021-04-14,4124.66,140.91,0.034162816
2021-04-13,4141.59,142.42,0.034387759
2021-04-12,4127.99,141.09,0.034178862
2021-04-09,4128.8,141.77,0.034336853
2021-04-08,4097.17,140.42,0.034272437
2021-04-07,4079.95,138.42,0.033926886
2021-04-06,4073.94,137.69,0.033797749
2021-04-05,4077.91,138.28,0.033909527
2021-04-01,4019.87,135.48,0.033702582
2021-03-31,3972.89,132.81,0.033429065
2021-03-30,3958.55,130.73,0.033024719
2021-03-29,3971.09,131.98,0.033235207
2021-03-26,3974.54,132.67,0.033379963
2021-03-25,3909.52,129.38,0.033093577
2021-03-24,3889.14,129.46,0.033287565
2021-03-23,3910.52,131.05,0.033512167
2021-03-22,3940.59,131.87,0.033464532
2021-03-19,3913.1,129.6,0.033119522
2021-03-18,3915.46,129.99,0.033199164
2021-03-17,3974.12,133.7,0.033642668
2021-03-16,3962.71,133.81,0.033767296
2021-03-15,3968.94,132.81,0.033462335
2021-03-12,3943.34,131.41,0.033324542
2021-03-11,3939.34,132.36,0.033599537
2021-03-10,3898.81,129.59,0.033238347
2021-03-09,3875.44,130.11,0.033572962
2021-03-08,3821.35,125.83,0.032928154
2021-03-05,3841.94,128.95,0.033563772
2021-03-04,3768.47,126.56,0.033583921
2021-03-03,3819.72,129.42,0.033882065
2021-03-02,3870.29,132.76,0.034302339
2021-03-01,3901.82,134.9,0.034573609
2021-02-26,3811.15,130.69,0.034291487
2021-02-25,3829.34,130,0.033948409
2021-02-24,3925.43,134.71,0.03431726
2021-02-23,3881.37,132.68,0.034183806
2021-02-22,3876.5,133.05,0.034322198
2021-02-19,3906.71,136.05,0.034824699
2021-02-18,3913.97,136.25,0.034811202
2021-02-17,3931.33,136.92,0.034827908
2021-02-16,3932.59,138.14,0.035126977
2021-02-12,3934.83,138.59,0.035221344
2021-02-11,3916.38,137.88,0.035205981
2021-02-10,3909.88,136.38,0.034880866
2021-02-09,3911.23,136.58,0.034919961
2021-02-08,3915.59,136.74,0.03492194
2021-02-05,3886.83,135.32,0.034815003
2021-02-04,3871.74,135.62,0.035028179
2021-02-03,3830.17,133.49,0.034852239
2021-02-02,3826.31,133.95,0.035007618
2021-02-01,3773.86,132.16,0.035019847
2021-01-29,3714.24,128.93,0.03471235
2021-01-28,3787.38,132.04,0.034863151
2021-01-27,3750.77,131.5,0.035059468
2021-01-26,3849.62,134.03,0.034816423
2021-01-25,3855.36,133.94,0.034741243
2021-01-22,3841.47,132.83,0.034577909
2021-01-21,3853.07,133.34,0.034606171
2021-01-20,3851.85,131.64,0.034175786
2021-01-19,3798.91,129.08,0.033978167
2021-01-15,3768.25,127.42,0.033814105
2021-01-14,3795.54,128.74,0.033918757
2021-01-13,3809.84,129.88,0.03409067
2021-01-12,3801.19,129.06,0.033952525
2021-01-11,3799.61,129.68,0.034129819
2021-01-08,3824.68,130.76,0.034188481
2021-01-07,3803.79,129.92,0.034155408
2021-01-06,3748.14,126.51,0.033752741
2021-01-05,3726.86,128.73,0.034541142
2021-01-04,3700.65,127.9,0.034561496
2020-12-31,3756.07,130.02,0.034615968
2020-12-30,3732.04,129.83,0.034787944
2020-12-29,3727.04,129.9,0.034853396
2020-12-28,3735.36,130.52,0.034941746
2020-12-24,3703.06,129.06,0.034852257
2020-12-23,3690.01,128.21,0.034745163
2020-12-22,3687.26,129.19,0.035036857
2020-12-21,3694.92,128.08,0.034663809
2020-12-18,3709.41,128.25,0.034574231
2020-12-17,3722.48,128.7,0.034573725
2020-12-16,3701.17,127.69,0.034499901
2020-12-15,3694.62,126.83,0.034328294
2020-12-14,3647.49,124.75,0.034201602
2020-12-11,3663.46,124.3,0.033929673
2020-12-10,3668.1,124.56,0.033957635
2020-12-09,3672.82,124.38,0.033864987
2020-12-08,3702.25,126.81,0.034252144
2020-12-07,3691.96,126.4,0.034236557
2020-12-04,3699.12,126.04,0.034072969
2020-12-03,3666.72,124.79,0.034033141
2020-12-02,3669.01,124.87,0.034033704
2020-12-01,3662.45,125.06,0.034146541
2020-11-30,3621.63,123.48,0.034095145
2020-11-27,3638.35,122.66,0.033713084
2020-11-25,3629.65,122.01,0.033614811
2020-11-24,3635.41,121.75,0.033490033
2020-11-23,3577.59,120.08,0.033564495
2020-11-20,3557.54,120.11,0.033762094
2020-11-19,3581.87,121.36,0.033881743
2020-11-18,3567.79,120.39,0.033743578
2020-11-17,3609.53,121.69,0.033713531
2020-11-16,3626.91,122.37,0.033739464
2020-11-13,3585.15,121.2,0.033806117
2020-11-12,3537.01,120.18,0.033977851
2020-11-11,3572.66,121.26,0.033941097
2020-11-10,3545.53,118.45,0.033408263
2020-11-09,3550.5,120.7,0.033995212
2020-11-06,3509.44,121.58,0.034643704
2020-11-05,3510.45,121.15,0.034511245
2020-11-04,3443.44,117.5,0.034122854
2020-11-03,3369.02,113.1,0.033570593
2020-11-02,3310.24,111.14,0.033574605
2020-10-30,3269.96,110.86,0.033902555
2020-10-29,3310.11,113.37,0.034249617
2020-10-28,3271.03,111.51,0.03409018
2020-10-27,3390.68,116.45,0.034344143
2020-10-26,3400.97,115.87,0.034069692
2020-10-23,3465.39,118.44,0.034177971
2020-10-22,3453.49,118.57,0.034333384
2020-10-21,3435.56,119.13,0.03467557
2020-10-20,3443.12,119.31,0.034651711
2020-10-19,3426.92,118.9,0.034695879
2020-10-16,3483.81,121.12,0.034766534
2020-10-15,3483.34,121.47,0.034871704
2020-10-14,3488.67,122.02,0.03497608
2020-10-13,3511.93,122.67,0.034929512
2020-10-12,3534.22,123.46,0.034932743
2020-10-09,3477.13,120.18,0.034562987
2020-10-08,3446.83,118.37,0.034341699
2020-10-07,3419.45,117.76,0.034438287
2020-10-06,3360.95,115.64,0.034406939
2020-10-05,3408.63,117.46,0.034459592
2020-10-02,3348.44,114.94,0.034326433
2020-10-01,3380.8,117.93,0.034882276
2020-09-30,3363,116.7,0.03470116
2020-09-29,3335.47,115.73,0.034696759
2020-09-28,3351.6,116.12,0.034646139
2020-09-25,3298.46,113.94,0.034543393
2020-09-24,3246.59,111.28,0.034275963
2020-09-23,3236.92,110.66,0.03418682
2020-09-22,3315.57,114.22,0.034449582
2020-09-21,3281.06,112.44,0.034269413
2020-09-18,3319.47,111.76,0.033668025
2020-09-17,3357.01,113.72,0.033875383
2020-09-16,3385.49,114.67,0.03387102
2020-09-15,3401.2,116.47,0.034243796
2020-09-14,3383.54,115.33,0.034085603
2020-09-11,3340.97,112.96,0.03381054
2020-09-10,3339.19,113.83,0.034089105
2020-09-09,3398.96,116.46,0.034263422
2020-09-08,3331.84,112.78,0.033849164
2020-09-04,3426.96,118.12,0.034467867
2020-09-03,3455.06,119.79,0.034670888
2020-09-02,3580.84,127.03,0.035474917
2020-09-01,3526.65,125.91,0.035702437
2020-08-31,3500.31,123.55,0.035296874
2020-08-28,3508.01,123.16,0.035108224
2020-08-27,3484.55,122.09,0.035037523
2020-08-26,3478.73,121.99,0.035067395
2020-08-25,3443.62,119.56,0.034719278
2020-08-24,3431.28,118.96,0.034669278
2020-08-21,3397.16,117.94,0.034717234
2020-08-20,3385.51,116.46,0.034399544
2020-08-19,3374.85,114.93,0.034054847
2020-08-18,3389.78,115.07,0.033946156
2020-08-17,3381.99,114.64,0.033897203
2020-08-14,3372.85,113.88,0.033763731
2020-08-13,3373.43,113.96,0.033781641
2020-08-12,3380.35,113.91,0.033697694
2020-08-11,3333.69,111.38,0.033410425
2020-08-10,3360.47,113.42,0.033751231
2020-08-07,3351.28,113.74,0.033939271
2020-08-06,3349.16,115.46,0.034474316
2020-08-05,3327.77,113.86,0.034215105
2020-08-04,3306.51,113.44,0.034308077
2020-08-03,3294.61,113.15,0.034343974
2020-07-31,3271.12,110.43,0.033759079
2020-07-30,3246.22,107.74,0.033189371
2020-07-29,3258.44,107.14,0.032880765
2020-07-28,3218.44,105.61,0.032814034
2020-07-27,3239.41,106.86,0.032987488
2020-07-24,3215.63,105.2,0.032715207
2020-07-23,3235.66,106.49,0.032911369
2020-07-22,3276.02,109.33,0.033372812
2020-07-21,3257.3,108.46,0.033297516
2020-07-20,3251.84,109.56,0.033691695
2020-07-17,3224.73,106.83,0.033128355
2020-07-16,3215.57,106.31,0.033061013
2020-07-15,3226.56,107.64,0.033360607
2020-07-14,3197.52,107.06,0.033482199
2020-07-13,3155.22,105.84,0.033544412
2020-07-10,3185.04,108.08,0.03393364
2020-07-09,3152.05,108.11,0.034298314
2020-07-08,3169.94,107.72,0.033981716
2020-07-07,3145.32,105.99,0.033697684
2020-07-06,3179.72,107.11,0.033685356
2020-07-02,3130.01,105.27,0.03363248
2020-07-01,3115.86,104.66,0.033589442
2020-06-30,3100.29,104.49,0.033703299
2020-06-29,3053.24,102.65,0.033620023
2020-06-26,3009.05,101.54,0.03374487
2020-06-25,3083.76,103.58,0.033588866
2020-06-24,3050.33,102.27,0.03352752
2020-06-23,3131.29,104.63,0.033414344
2020-06-22,3117.86,103.88,0.033317724
2020-06-19,3097.74,102.24,0.033004707
2020-06-18,3115.34,102.95,0.033046152
2020-06-17,3113.49,102.49,0.032918044
2020-06-16,3124.74,102.51,0.032805929
2020-06-15,3066.59,100.37,0.032730166
2020-06-12,3041.31,99.41,0.032686573
2020-06-11,3002.1,98.14,0.03269045
2020-06-10,3190.14,104.11,0.032634931
2020-06-09,3207.18,102.4,0.031928361
2020-06-08,3232.39,101.92,0.031530849
2020-06-05,3193.93,101.41,0.031750852
2020-06-04,3112.35,98.81,0.031747715
2020-06-03,3122.87,99.63,0.031903345
2020-06-02,3080.82,98.86,0.032088859
2020-06-01,3055.73,97.94,0.032051261
2020-05-29,3044.31,97.97,0.032181348
2020-05-28,3029.73,96.75,0.031933539
2020-05-27,3036.13,96.94,0.031928804
2020-05-26,2991.77,96.39,0.032218386
2020-05-22,2955.45,96.49,0.032648158
2020-05-21,2948.51,96.14,0.032606299
2020-05-20,2971.61,97.5,0.032810497
2020-05-19,2922.94,95.41,0.032641792
2020-05-18,2953.91,95.76,0.032418049
2020-05-15,2863.7,93.47,0.032639592
2020-05-14,2852.5,93,0.03260298
2020-05-13,2820,91.83,0.03256383
2020-05-12,2870.12,93.44,0.03255613
2020-05-11,2930.32,95.41,0.032559584
2020-05-08,2929.8,94.78,0.032350331
2020-05-07,2881.19,93.41,0.032420632
2020-05-06,2848.42,92.03,0.03230914
2020-05-05,2868.44,91.32,0.03183612
2020-05-04,2842.74,90.08,0.031687738
2020-05-01,2830.71,88.9,0.031405548
2020-04-30,2912.43,91.41,0.031386162
2020-04-29,2939.51,91.82,0.031236499
2020-04-28,2863.39,88.2,0.03080265
2020-04-27,2878.48,89.39,0.031054584
2020-04-24,2836.74,88.63,0.031243611
2020-04-23,2797.8,86.79,0.031020802
2020-04-22,2799.31,87.39,0.031218407
2020-04-21,2736.56,84.15,0.030750285
2020-04-20,2823.16,87.83,0.031110529
2020-04-17,2874.56,89.26,0.031051709
2020-04-16,2799.55,88.09,0.031465771
2020-04-15,2783.36,87.03,0.031267964
2020-04-14,2846.06,88.97,0.03126076
2020-04-13,2761.63,85.39,0.030920145
2020-04-09,2789.82,85.2,0.030539605
2020-04-08,2749.98,85.18,0.030974771
2020-04-07,2659.41,82.95,0.031191129
2020-04-06,2663.68,83.7,0.031422693
2020-04-03,2488.65,77.12,0.030988689
2020-04-02,2526.9,78.33,0.030998457
2020-04-01,2470.5,76.54,0.030981583
2020-03-31,2584.59,80.37,0.031095841
2020-03-30,2626.65,81.9,0.031180401
2020-03-27,2541.47,78.59,0.030923048
2020-03-26,2630.07,82.31,0.031295745
2020-03-25,2475.56,77.51,0.031310087
2020-03-24,2447.33,77.61,0.031712111
2020-03-23,2237.4,70.4,0.031465093
2020-03-20,2304.92,71.42,0.030985891
2020-03-19,2409.39,74.85,0.031065954
2020-03-18,2398.1,74.58,0.031099621
2020-03-17,2529.19,77.5,0.030642221
2020-03-16,2386.13,72.56,0.030409072
2020-03-13,2711.02,84.19,0.031054732
2020-03-12,2480.64,75.35,0.030375226
2020-03-11,2741.38,83.5,0.030459112
2020-03-10,2882.23,87.64,0.030407011
2020-03-09,2746.56,82.16,0.029913783
2020-03-06,2972.37,88.91,0.029912158
2020-03-05,3023.94,90.83,0.030036972
2020-03-04,3130.12,93.79,0.029963707
2020-03-03,3003.37,89.93,0.029943031
2020-03-02,3090.23,93.48,0.030250176
2020-02-28,2954.22,88.37,0.029913141
2020-02-27,2978.76,87.7,0.029441781
2020-02-26,3116.39,92.7,0.029745956
2020-02-25,3128.21,92.28,0.029499298
2020-02-24,3225.89,95.33,0.029551535
2020-02-21,3337.75,99.44,0.029792525
2020-02-20,3373.23,101.72,0.030155074
2020-02-19,3386.15,102.79,0.030356009
2020-02-18,3370.29,101.58,0.03013984
2020-02-14,3380.16,101.96,0.030164253
2020-02-13,3373.94,101.52,0.03008945
2020-02-12,3379.45,101.79,0.030120286
2020-02-11,3357.75,100.7,0.029990321
2020-02-10,3352.09,101.04,0.030142389
2020-02-07,3327.71,99.69,0.029957538
2020-02-06,3345.78,100.61,0.030070716
2020-02-05,3334.69,99.7,0.029897832
2020-02-04,3297.59,99.12,0.030058315
2020-02-03,3248.92,96.59,0.029729879
2020-01-31,3225.52,95.33,0.029554924
2020-01-30,3283.66,98.02,0.029850837
2020-01-29,3273.4,97.18,0.029687786
2020-01-28,3276.24,96.93,0.029585745
2020-01-27,3243.63,95.11,0.029322087
2020-01-24,3295.47,97.43,0.029564827
2020-01-23,3325.54,97.89,0.029435821
2020-01-22,3321.75,97.43,0.029330925
2020-01-21,3320.79,97.08,0.029234008
2020-01-17,3329.62,97.12,0.029168494
2020-01-16,3316.81,96.47,0.029085175
2020-01-15,3289.29,95.19,0.028939376
2020-01-14,3283.15,95.08,0.028959993
2020-01-13,3288.13,95.53,0.029052988
2020-01-10,3265.35,94.35,0.028894299
2020-01-09,3274.7,94.57,0.028878981
2020-01-08,3253.05,93.51,0.028745331
2020-01-07,3237.18,92.52,0.028580431
2020-01-06,3246.28,92.56,0.028512636
2020-01-03,3234.85,92.34,0.028545373
2020-01-02,3257.85,93.39,0.028666145
2019-12-31,3230.78,91.67,0.028373953
2019-12-30,3221.29,91.38,0.028367517
2019-12-27,3240.02,91.91,0.028367109
2019-12-26,3239.91,91.92,0.028371158
2019-12-24,3223.38,91.24,0.028305692
2019-12-23,3224.01,91.21,0.028290855
2019-12-20,3221.22,90.95,0.028234644
2019-12-19,3205.37,90.72,0.028302505
2019-12-18,3191.14,90.07,0.028225023
2019-12-17,3192.52,90.08,0.028215955
2019-12-16,3191.45,90.29,0.028291216
2019-12-13,3168.8,89.49,0.028240975
2019-12-12,3168.57,88.9,0.028056821
2019-12-11,3141.63,87.96,0.027998205
2019-12-10,3132.52,87.37,0.027891282
2019-12-09,3135.96,87.3,0.027838365
2019-12-06,3145.91,87.76,0.027896539
2019-12-05,3117.43,86.8,0.027843448
2019-12-04,3112.76,86.48,0.027782418
2019-12-03,3093.2,86.13,0.02784495
2019-12-02,3113.87,86.9,0.027907395
2019-11-29,3140.98,88.16,0.028067673
2019-11-27,3153.63,88.42,0.028037531
2019-11-26,3140.52,87.93,0.027998548
2019-11-25,3133.64,87.85,0.02803449
2019-11-22,3110.29,86.59,0.027839848
2019-11-21,3103.54,86.7,0.027935841
2019-11-20,3108.46,87.14,0.028033174
2019-11-19,3120.18,87.67,0.028097738
2019-11-18,3122.03,87.5,0.028026637
2019-11-15,3120.46,87.24,0.027957417
2019-11-14,3096.63,86.54,0.02794651
2019-11-13,3094.04,86.64,0.028002224
2019-11-12,3091.84,86.45,0.027960697
2019-11-11,3087.01,86.16,0.027910502
2019-11-08,3093.08,86.12,0.027842797
2019-11-07,3085.18,85.64,0.02775851
2019-11-06,3076.78,84.97,0.027616534
2019-11-05,3074.62,85.01,0.027648945
2019-11-04,3078.27,85.11,0.027648647
2019-11-01,3066.91,84.67,0.027607592
2019-10-31,3037.56,83.67,0.027545135
2019-10-30,3046.77,83.72,0.02747828
2019-10-29,3036.89,83.21,0.027399741
2019-10-28,3039.42,83.97,0.027626981
2019-10-25,3022.55,82.92,0.027433789
2019-10-24,3010.29,81.93,0.027216647
2019-10-23,3004.52,80.75,0.026876173
2019-10-22,2995.99,80.68,0.026929329
2019-10-21,3006.72,81.78,0.027199074
2019-10-18,2986.2,80.91,0.027094635
2019-10-17,2997.95,81.69,0.02724862
2019-10-16,2989.69,81.85,0.02737742
2019-10-15,2995.68,82.42,0.027512952
2019-10-14,2966.15,81.52,0.027483438
2019-10-11,2970.27,81.57,0.02746215
2019-10-10,2938.13,80.46,0.027384765
2019-10-09,2919.4,79.91,0.027372063
2019-10-08,2893.06,78.74,0.027216857
2019-10-07,2938.79,80.21,0.027293546
2019-10-04,2952.01,80.55,0.027286493
2019-10-03,2910.63,79.24,0.027224347
2019-10-02,2887.61,78.28,0.027108924
2019-10-01,2940.25,79.78,0.027133747
2019-09-30,2976.74,80.53,0.027053085
2019-09-27,2961.79,79.69,0.026906026
2019-09-26,2977.62,80.77,0.027125691
2019-09-25,2984.87,80.68,0.027029653
2019-09-24,2966.6,79.73,0.026875885
2019-09-23,2991.78,80.51,0.026910401
2019-09-20,2992.07,80.26,0.026824239
2019-09-19,3006.79,81.46,0.027092015
2019-09-18,3006.73,81.28,0.02703269
2019-09-17,3005.7,81.29,0.027045281
2019-09-16,2997.96,80.96,0.02700503
2019-09-13,3007.39,81.16,0.026986856
2019-09-12,3009.57,81.76,0.027166672
2019-09-11,3000.93,81.32,0.027098266
2019-09-10,2979.39,80.48,0.027012241
2019-09-09,2978.43,80.89,0.027158604
2019-09-06,2978.71,81.5,0.027360837
2019-09-05,2976,81.57,0.027409274
2019-09-04,2937.78,79.9,0.027197408
2019-09-03,2906.27,78.56,0.027031212
2019-08-30,2926.46,79.53,0.027176179
2019-08-29,2924.58,79.55,0.027200487
2019-08-28,2887.94,78.19,0.027074662
2019-08-27,2869.16,78.12,0.027227481
2019-08-26,2878.38,78.24,0.027181957
2019-08-23,2847.11,77.17,0.027104678
2019-08-22,2922.95,79.81,0.027304607
2019-08-21,2924.43,80,0.027355758
2019-08-20,2900.51,79.07,0.027260723
2019-08-19,2923.65,79.47,0.027181776
2019-08-16,2888.68,78.28,0.027098883
2019-08-15,2847.6,76.82,0.026977104
2019-08-14,2840.6,76.96,0.027092868
2019-08-13,2926.32,79.4,0.027133054
2019-08-12,2883.09,77.46,0.026867007
2019-08-09,2918.65,78.49,0.02689257
2019-08-08,2938.09,79.39,0.027020956
2019-08-07,2883.98,77.49,0.026869118
2019-08-06,2881.77,77.01,0.02672316
2019-08-05,2844.74,75.75,0.026628093
2019-08-02,2932.05,79.05,0.026960659
2019-08-01,2953.56,80.36,0.027207844
2019-07-31,2980.38,80.77,0.027100571
2019-07-30,3013.18,82.01,0.027217093
2019-07-29,3020.97,82.54,0.02732235
2019-07-26,3025.86,82.59,0.02729472
2019-07-25,3003.67,82.41,0.027436436
2019-07-24,3019.56,82.75,0.027404655
2019-07-23,3005.47,82.07,0.027306877
2019-07-22,2985.03,81.62,0.027343109
2019-07-19,2976.61,80.69,0.027108019
2019-07-18,2995.11,81.04,0.027057437
2019-07-17,2984.42,80.44,0.026953311
2019-07-16,3004.04,80.65,0.026847179
2019-07-15,3014.3,81.41,0.027007929
2019-07-12,3013.77,81.14,0.02692309
2019-07-11,2999.91,80.55,0.026850806
2019-07-10,2993.07,80.25,0.026811936
2019-07-09,2979.63,79.62,0.026721439
2019-07-08,2975.95,79.34,0.026660394
2019-07-05,2990.41,79.95,0.026735464
2019-07-03,2995.82,80.1,0.026737254
2019-07-02,2973.01,79.49,0.026737212
2019-07-01,2964.33,79.28,0.026744661
2019-06-28,2941.76,78.04,0.026528337
2019-06-27,2924.92,78.05,0.026684491
2019-06-26,2913.78,77.85,0.026717872
2019-06-25,2917.38,77.02,0.0264004
2019-06-24,2945.35,78.46,0.0266386
2019-06-21,2950.46,78.31,0.026541624
2019-06-20,2954.18,78.96,0.026728229
2019-06-19,2926.46,77.82,0.026591855
2019-06-18,2917.75,77.54,0.026575272
2019-06-17,2889.67,76.16,0.026355951
2019-06-14,2886.98,76.1,0.026359725
2019-06-13,2891.64,76.77,0.026548948
2019-06-12,2879.84,76.54,0.026577865
2019-06-11,2885.72,76.97,0.026672719
2019-06-10,2886.73,76.97,0.026663387
2019-06-07,2873.34,76.19,0.02651618
2019-06-06,2843.49,74.8,0.026305702
2019-06-05,2826.15,73.94,0.026162801
2019-06-04,2803.27,72.99,0.026037449
2019-06-03,2744.45,70.63,0.025735575
2019-05-31,2752.06,71.89,0.02612225
2019-05-30,2788.86,73.11,0.026215013
2019-05-29,2783.02,72.66,0.026108328
2019-05-28,2802.39,73.09,0.026081309
2019-05-24,2826.06,73.3,0.02593717
2019-05-23,2822.24,73.28,0.025965191
2019-05-22,2856.27,74.59,0.026114478
2019-05-21,2864.36,74.98,0.026176877
2019-05-20,2840.23,74.07,0.026078874
2019-05-17,2859.53,75.38,0.026360975
2019-05-16,2876.32,75.99,0.026419175
2019-05-15,2850.96,75.3,0.026412156
2019-05-14,2834.41,74.49,0.026280602
2019-05-13,2811.87,73.31,0.026071618
2019-05-10,2881.4,76.18,0.026438537
2019-05-09,2870.72,75.94,0.026453294
2019-05-08,2879.42,76.46,0.026553959
2019-05-07,2884.05,76.55,0.026542536
2019-05-06,2932.47,78.23,0.02667717
2019-05-03,2945.64,78.84,0.026764981
2019-05-02,2917.52,78.1,0.026769311
2019-05-01,2923.73,78.51,0.026852685
2019-04-30,2945.83,78.71,0.026719125
2019-04-29,2943.03,78.58,0.026700373
2019-04-26,2939.88,78.56,0.026722179
2019-04-25,2926.17,78.86,0.026949904
2019-04-24,2927.25,78.88,0.026946793
2019-04-23,2933.68,78.85,0.026877505
2019-04-22,2907.97,78,0.026822835
2019-04-18,2905.03,77.82,0.026788019
2019-04-17,2900.45,77.6,0.026754469
2019-04-16,2907.06,77.17,0.02654572
2019-04-15,2905.58,76.78,0.026425017
2019-04-12,2907.41,76.81,0.026418703
2019-04-11,2888.32,76.28,0.026409816
2019-04-10,2888.21,76.38,0.026445445
2019-04-09,2878.2,75.85,0.026353276
2019-04-08,2895.77,76.21,0.026317698
2019-04-05,2892.74,75.92,0.026245013
2019-04-04,2879.39,75.56,0.026241669
2019-04-03,2873.4,75.88,0.02640774
2019-04-02,2867.24,75.27,0.026251726
2019-04-01,2867.19,75.01,0.026161503
2019-03-29,2834.4,74,0.026107818
2019-03-28,2815.44,73.28,0.026027903
2019-03-27,2805.37,72.98,0.026014394
2019-03-26,2818.46,73.4,0.026042591
2019-03-25,2798.36,73,0.026086708
2019-03-22,2800.71,73.32,0.026179076
2019-03-21,2854.88,75.09,0.026302331
2019-03-20,2824.23,73.25,0.025936273
2019-03-19,2832.57,73.45,0.025930515
2019-03-18,2832.94,73.3,0.02587418
2019-03-15,2822.48,72.99,0.025860236
2019-03-14,2808.48,72.35,0.025761266
2019-03-13,2810.92,72.2,0.025685541
2019-03-12,2791.52,71.73,0.025695678
2019-03-11,2783.3,71.31,0.025620666
2019-03-08,2743.07,69.81,0.025449588
2019-03-07,2748.93,69.82,0.025398973
2019-03-06,2771.45,70.49,0.025434339
2019-03-05,2789.65,70.86,0.025401036
2019-03-04,2792.81,71.07,0.025447488
2019-03-01,2803.69,71.34,0.025445039
2019-02-28,2784.49,70.86,0.025448107
2019-02-27,2792.38,71.06,0.025447826
2019-02-26,2793.9,71.13,0.025459036
2019-02-25,2796.11,70.98,0.025385267
2019-02-22,2792.67,70.64,0.02529479
2019-02-21,2774.88,69.75,0.025136222
2019-02-20,2784.7,69.72,0.025036808
2019-02-19,2779.76,69.64,0.025052523
2019-02-15,2775.6,69.62,0.025082865
2019-02-14,2745.73,69.07,0.025155423
2019-02-13,2753.03,68.95,0.025045132
2019-02-12,2744.73,68.86,0.025088078
2019-02-11,2709.8,67.96,0.025079342
2019-02-08,2707.88,67.99,0.025108203
2019-02-07,2706.05,67.6,0.024981061
2019-02-06,2731.61,68.54,0.02509143
2019-02-05,2737.7,68.31,0.024951602
2019-02-04,2724.87,67.74,0.024859902
2019-02-01,2706.53,66.67,0.024633017
2019-01-31,2704.1,66.28,0.024510928
2019-01-30,2681.05,66.35,0.024747767
2019-01-29,2640,64.35,0.024375
2019-01-28,2643.85,65.05,0.02460427
2019-01-25,2664.76,65.93,0.02474144
2019-01-24,2642.33,65.01,0.024603286
2019-01-23,2638.7,64.47,0.024432486
2019-01-22,2632.9,64.25,0.02440275
2019-01-18,2670.71,65.35,0.024469149
2019-01-17,2635.96,64.37,0.024419946
2019-01-16,2616.1,63.96,0.024448607
2019-01-15,2610.3,63.9,0.024479945
2019-01-14,2582.61,62.95,0.024374567
2019-01-11,2596.26,63.54,0.024473666
2019-01-10,2596.64,63.66,0.024516298
2019-01-09,2584.96,63.38,0.024518755
2019-01-08,2574.41,62.57,0.024304598
2019-01-07,2549.69,62.05,0.024336292
2019-01-04,2531.94,61.5,0.024289675
2019-01-03,2447.89,58.89,0.024057454
2019-01-02,2510.03,62.02,0.024708868
2018-12-31,2506.85,61.98,0.024724256
2018-12-28,2485.74,61.4,0.024700894
2018-12-27,2488.83,61.54,0.024726478
2018-12-26,2467.7,61.1,0.024759898
2018-12-24,2351.1,57.62,0.024507677
2018-12-21,2416.62,59.2,0.024497025
2018-12-20,2467.42,61.32,0.02485187
2018-12-19,2506.96,62.44,0.02490666
2018-12-18,2546.16,63.7,0.025018066
2018-12-17,2545.94,63.2,0.024823837
2018-12-14,2599.95,64.57,0.024835093
2018-12-13,2650.54,66.19,0.02497227
2018-12-12,2651.07,66.08,0.024925785
2018-12-11,2636.78,65.57,0.024867452
2018-12-10,2637.72,65.49,0.024828261
2018-12-07,2633.08,64.6,0.024534006
2018-12-06,2695.95,66.96,0.024837256
2018-12-04,2700.06,66.81,0.024743895
2018-12-03,2790.37,69.44,0.024885589
2018-11-30,2760.17,67.94,0.024614426
2018-11-29,2737.76,67.3,0.02458214
2018-11-28,2743.79,67.96,0.024768659
2018-11-27,2682.17,65.66,0.024480178
2018-11-26,2673.45,65.53,0.024511399
2018-11-23,2632.56,64.08,0.024341326
2018-11-21,2649.93,64.67,0.024404418
2018-11-20,2641.89,64.2,0.024300785
2018-11-19,2690.73,65.61,0.024383717
2018-11-16,2736.27,68.21,0.024928096
2018-11-15,2730.2,68.32,0.025023808
2018-11-14,2701.58,66.65,0.024670748
2018-11-13,2722.18,67.46,0.024781609
2018-11-12,2726.22,67.38,0.02471554
2018-11-09,2781.01,69.84,0.025113178
2018-11-08,2806.83,71.07,0.025320379
2018-11-07,2813.89,71.13,0.025278174
2018-11-06,2755.45,69.1,0.025077574
2018-11-05,2738.31,68.67,0.025077511
2018-11-02,2723.06,68.74,0.02524366
2018-11-01,2740.37,70.11,0.025584136
2018-10-31,2711.74,69.3,0.025555547
2018-10-30,2682.63,67.69,0.025232701
2018-10-29,2641.25,66.94,0.025344061
2018-10-26,2658.69,68.09,0.025610357
2018-10-25,2705.57,69.48,0.025680356
2018-10-24,2656.1,67.17,0.025288957
2018-10-23,2740.69,70.32,0.025657772
2018-10-22,2755.88,70.59,0.025614323
2018-10-19,2767.78,70.01,0.02529464
2018-10-18,2768.78,70.04,0.02529634
2018-10-17,2809.21,71.44,0.025430637
2018-10-16,2809.92,71.77,0.025541652
2018-10-15,2750.79,69.67,0.02532727
2018-10-12,2767.13,70.83,0.025596918
2018-10-11,2728.37,68.63,0.025154213
2018-10-10,2785.68,69.51,0.024952615
2018-10-09,2880.34,73.05,0.025361589
2018-10-08,2884.43,72.79,0.025235488
2018-10-05,2885.57,73.62,0.025513157
2018-10-04,2901.61,74.56,0.025696079
2018-10-03,2925.51,75.93,0.025954449
2018-10-02,2923.43,75.7,0.025894241
2018-10-01,2924.59,75.69,0.025880551
2018-09-28,2913.98,75.33,0.025851241
2018-09-27,2914,75.05,0.025754976
2018-09-26,2905.97,74.61,0.025674732
2018-09-25,2915.56,74.89,0.025686318
2018-09-24,2919.37,74.98,0.025683624
2018-09-21,2929.67,74.61,0.025467032
2018-09-20,2930.75,75.16,0.025645313
2018-09-19,2907.95,74.28,0.025543768
2018-09-18,2904.31,74.47,0.025641202
2018-09-17,2888.8,74,0.025616173
2018-09-14,2904.98,74.94,0.025797079
2018-09-13,2904.18,75,0.025824846
2018-09-12,2888.92,74.13,0.025660108
2018-09-11,2887.89,74.44,0.025776605
2018-09-10,2877.13,73.81,0.025654037
2018-09-07,2871.68,73.58,0.025622632
2018-09-06,2878.05,73.83,0.025652786
2018-09-05,2888.6,74.37,0.025746036
2018-09-04,2896.72,75.31,0.025998371
2018-08-31,2901.52,75.6,0.026055309
2018-08-30,2901.13,75.54,0.02603813
2018-08-29,2914.04,75.77,0.026001702
2018-08-28,2897.52,75.09,0.025915265
2018-08-27,2896.74,74.96,0.025877366
2018-08-24,2874.69,74.28,0.025839308
2018-08-23,2856.98,73.54,0.025740467
2018-08-22,2861.82,73.38,0.025641026
2018-08-21,2862.96,73.16,0.025553972
2018-08-20,2857.05,73.04,0.025564831
2018-08-17,2850.13,73.15,0.025665496
2018-08-16,2840.69,73.04,0.025712063
2018-08-15,2818.37,72.72,0.025802148
2018-08-14,2839.96,73.38,0.025838392
2018-08-13,2821.93,72.93,0.025844015
2018-08-10,2833.28,73.03,0.025775779
2018-08-09,2853.58,73.62,0.025799172
2018-08-08,2857.7,73.59,0.025751478
2018-08-07,2858.45,73.39,0.025674754
2018-08-06,2850.4,73.11,0.025649032
2018-08-03,2840.35,72.72,0.025602479
2018-08-02,2827.22,72.46,0.025629417
2018-08-01,2813.36,71.56,0.025435778
2018-07-31,2816.29,70.92,0.025182066
2018-07-30,2802.6,70.73,0.02523728
2018-07-27,2818.82,71.85,0.025489389
2018-07-26,2837.44,73.1,0.025762659
2018-07-25,2846.07,74.24,0.026085093
2018-07-24,2820.4,73.32,0.025996313
2018-07-23,2806.98,72.92,0.025978097
2018-07-20,2801.83,72.55,0.025893791
2018-07-19,2804.49,72.53,0.0258621
2018-07-18,2815.62,72.79,0.02585221
2018-07-17,2809.55,72.91,0.025950775
2018-07-16,2798.43,72.37,0.025860929
2018-07-13,2801.31,72.54,0.025895028
2018-07-12,2798.29,72.62,0.025951563
2018-07-11,2774.02,71.49,0.025771263
2018-07-10,2793.84,71.77,0.025688658
2018-07-09,2784.17,71.6,0.02571682
2018-07-06,2759.82,71.06,0.025748056
2018-07-05,2736.61,70.24,0.025666792
2018-07-03,2713.22,69.26,0.025526865
2018-07-02,2726.71,70.09,0.02570497
2018-06-29,2718.37,69.47,0.025555756
2018-06-28,2716.31,69.5,0.025586181
2018-06-27,2699.63,68.66,0.025433115
2018-06-26,2723.06,69.61,0.025563153
2018-06-25,2717.07,69.33,0.025516457
2018-06-22,2754.88,70.8,0.025699849
2018-06-21,2749.76,71.03,0.025831345
2018-06-20,2767.32,71.58,0.025866181
2018-06-19,2762.59,71.43,0.025856171
2018-06-18,2773.75,71.8,0.025885534
2018-06-15,2779.66,71.72,0.025801717
2018-06-14,2782.49,72.25,0.025965951
2018-06-13,2775.63,71.74,0.025846384
2018-06-12,2786.85,72.11,0.025875092
2018-06-11,2782,71.76,0.025794393
2018-06-08,2779.03,71.68,0.025793172
2018-06-07,2770.37,71.8,0.025917116
2018-06-06,2772.35,72.38,0.026107815
2018-06-05,2748.8,71.91,0.026160506
2018-06-04,2746.87,71.66,0.026087875
2018-06-01,2734.62,71.09,0.025996299
2018-05-31,2705.27,69.9,0.025838456
2018-05-30,2724.01,69.88,0.025653357
2018-05-29,2689.86,69.37,0.025789446
2018-05-25,2721.33,69.75,0.02563085
2018-05-24,2727.76,69.8,0.025588761
2018-05-23,2733.29,69.88,0.025566259
2018-05-22,2724.44,69.37,0.025462113
2018-05-21,2733.01,69.47,0.025418861
2018-05-18,2712.97,68.87,0.025385463
2018-05-17,2720.13,69.16,0.025425255
2018-05-16,2722.46,69.52,0.025535729
2018-05-15,2711.45,69.21,0.025525088
2018-05-14,2730.13,69.87,0.025592188
2018-05-11,2727.72,69.88,0.025618465
2018-05-10,2723.07,69.98,0.025698935
2018-05-09,2697.79,69.08,0.025606144
2018-05-08,2671.92,68.24,0.025539687
2018-05-07,2672.63,68.09,0.025476778
2018-05-04,2663.42,67.62,0.02538841
2018-05-03,2629.73,66.36,0.02523453
2018-05-02,2635.67,66.21,0.025120747
2018-05-01,2654.8,66.28,0.024966099
2018-04-30,2648.05,65.46,0.024720077
2018-04-27,2669.91,65.89,0.024678734
2018-04-26,2666.94,66.01,0.024751213
2018-04-25,2639.4,64.83,0.024562401
2018-04-24,2634.56,64.82,0.024603729
2018-04-23,2670.29,65.97,0.024705182
2018-04-20,2670.14,66.21,0.024796453
2018-04-19,2693.13,67.14,0.0249301
2018-04-18,2708.64,67.89,0.025064239
2018-04-17,2706.39,68.07,0.025151586
2018-04-16,2677.84,66.83,0.024956682
2018-04-13,2656.3,66.32,0.024967059
2018-04-12,2663.99,66.54,0.024977571
2018-04-11,2642.19,65.75,0.02488466
2018-04-10,2656.87,66.14,0.024893954
2018-04-09,2613.16,64.55,0.024701893
2018-04-06,2604.47,64.05,0.024592335
2018-04-05,2662.84,65.66,0.024657884
2018-04-04,2644.69,65.39,0.024725015
2018-04-03,2614.45,64.49,0.024666756
2018-04-02,2581.88,63.86,0.024733915
2018-03-29,2640.87,65.42,0.024772139
2018-03-28,2605,64.15,0.02462572
2018-03-27,2612.62,64.58,0.024718482
2018-03-26,2658.55,66.72,0.025096387
2018-03-23,2588.26,64.28,0.024835217
2018-03-22,2643.69,66.04,0.024980236
2018-03-21,2711.93,67.79,0.024996958
2018-03-20,2716.94,68.2,0.025101769
2018-03-19,2712.92,68.23,0.025150023
2018-03-16,2752.01,69.61,0.025294239
2018-03-15,2747.33,69.9,0.025442885
2018-03-14,2749.48,69.86,0.025408441
2018-03-13,2765.31,69.92,0.025284688
2018-03-12,2783.02,70.73,0.025414837
2018-03-09,2786.57,70.51,0.025303509
2018-03-08,2738.97,69.2,0.025264972
2018-03-07,2726.8,68.9,0.025267713
2018-03-06,2728.12,68.52,0.025116197
2018-03-05,2720.94,68.37,0.025127346
2018-03-02,2691.25,67.68,0.025148165
2018-03-01,2677.67,67.04,0.025036692
2018-02-28,2713.83,68.17,0.025119481
2018-02-27,2744.28,68.66,0.025019313
2018-02-26,2779.6,69.36,0.024953231
2018-02-23,2747.3,68.29,0.024857132
2018-02-22,2703.96,66.89,0.024737792
2018-02-21,2701.33,66.81,0.024732262
2018-02-20,2716.26,67.24,0.024754626
2018-02-16,2732.22,67.18,0.024588064
2018-02-15,2731.2,67.28,0.024633861
2018-02-14,2698.63,66.02,0.024464265
2018-02-13,2662.94,64.83,0.024345273
2018-02-12,2656,64.67,0.024348645
2018-02-09,2619.55,63.53,0.024252257
2018-02-08,2581,62.01,0.024025571
2018-02-07,2681.66,64.69,0.024123118
2018-02-06,2695.14,65.53,0.024314136
2018-02-05,2648.94,63.7,0.024047355
2018-02-02,2762.13,66.48,0.024068382
2018-02-01,2821.98,68.51,0.02427728
2018-01-31,2823.81,68.45,0.024240299
2018-01-30,2822.43,67.94,0.024071456
2018-01-29,2853.53,68.56,0.024026381
2018-01-26,2872.87,69.19,0.02408393
2018-01-25,2839.25,68.11,0.023988729
2018-01-24,2837.54,68.23,0.024045476
2018-01-23,2839.13,68.76,0.024218687
2018-01-22,2832.97,68.46,0.024165452
2018-01-19,2810.3,67.8,0.024125538
2018-01-18,2798.03,67.67,0.024184873
2018-01-17,2802.56,67.55,0.024102963
2018-01-16,2776.42,66.55,0.023969716
2018-01-12,2786.24,66.81,0.023978552
2018-01-11,2767.56,66.42,0.02399948
2018-01-10,2748.23,66.15,0.024070038
2018-01-09,2751.29,66.38,0.024126864
2018-01-08,2747.71,66.55,0.024220169
2018-01-05,2743.15,66.3,0.024169294
2018-01-04,2723.99,65.61,0.024085992
2018-01-03,2713.06,65.28,0.024061392
2018-01-02,2695.81,64.74,0.024015046
2017-12-29,2673.61,63.95,0.023918971
2017-12-28,2687.54,64.29,0.023921504
2017-12-27,2682.62,64.18,0.023924372
2017-12-26,2680.5,64.11,0.02391718
2017-12-22,2683.34,64.54,0.024052114
2017-12-21,2684.57,64.58,0.024055994
2017-12-20,2679.25,64.71,0.024152281
2017-12-19,2681.47,64.73,0.024139744
2017-12-18,2690.16,65.13,0.024210456
2017-12-15,2675.81,64.56,0.024127274
2017-12-14,2652.01,64.07,0.024159034
2017-12-13,2662.85,64.15,0.02409073
2017-12-12,2664.11,64.13,0.024071829
2017-12-11,2659.99,64.15,0.024116632
2017-12-08,2651.5,63.6,0.023986423
2017-12-07,2636.98,63.3,0.024004733
2017-12-06,2629.27,62.91,0.023926793
2017-12-05,2629.57,62.51,0.023771948
2017-12-04,2639.44,62.49,0.023675477
2017-12-01,2642.22,63.51,0.024036606
2017-11-30,2647.58,63.84,0.024112586
2017-11-29,2626.07,63.28,0.024096844
2017-11-28,2627.04,64.71,0.024632286
2017-11-27,2601.42,64.5,0.024794151
2017-11-24,2602.42,64.5,0.024784624
2017-11-22,2597.08,64.14,0.024696967
2017-11-21,2599.03,64.26,0.024724609
2017-11-20,2582.14,63.59,0.02462686
2017-11-17,2578.85,63.35,0.024565213
2017-11-16,2585.64,63.76,0.024659272
2017-11-15,2564.62,62.88,0.024518252
2017-11-14,2578.87,63.35,0.024565023
2017-11-13,2584.84,63.48,0.02455858
2017-11-10,2582.3,63.5,0.024590481
2017-11-09,2584.62,63.5,0.024568409
2017-11-08,2594.38,64.01,0.024672561
2017-11-07,2590.64,63.66,0.024573078
2017-11-06,2591.13,63.63,0.024556854
2017-11-03,2587.84,63.49,0.024533974
2017-11-02,2579.85,62.99,0.024416148
2017-11-01,2579.36,62.96,0.024409156
2017-10-31,2575.26,62.95,0.024444134
2017-10-30,2572.83,62.68,0.024362278
2017-10-27,2581.07,62.54,0.024230261
2017-10-26,2560.4,60.9,0.023785346
2017-10-25,2557.15,60.65,0.023717811
2017-10-24,2569.13,60.98,0.023735661
2017-10-23,2564.98,60.81,0.023707787
2017-10-20,2575.21,61.1,0.02372622
2017-10-19,2562.1,60.69,0.0236876
2017-10-18,2561.26,60.87,0.023765647
2017-10-17,2559.36,60.72,0.023724681
2017-10-16,2557.64,60.72,0.023740636
2017-10-13,2553.17,60.5,0.023696033
2017-10-12,2550.93,60.21,0.023603156
2017-10-11,2555.24,60.36,0.023622047
2017-10-10,2550.64,60.16,0.023586237
2017-10-09,2544.73,60.1,0.023617437
2017-10-06,2549.33,59.95,0.023515983
2017-10-05,2552.07,59.86,0.023455469
2017-10-04,2537.74,59.29,0.023363308
2017-10-03,2534.58,59.33,0.023408218
2017-10-02,2529.12,59.19,0.023403397
2017-09-29,2519.36,59.1,0.023458339
2017-09-28,2510.06,58.7,0.023385895
2017-09-27,2507.04,58.63,0.023386145
2017-09-26,2496.84,58.04,0.023245382
2017-09-25,2496.66,57.83,0.023162946
2017-09-22,2502.22,58.52,0.023387232
2017-09-21,2500.6,58.49,0.023390386
2017-09-20,2508.24,58.81,0.02344672
2017-09-19,2506.65,59.05,0.023557337
2017-09-18,2503.87,58.79,0.023479653
2017-09-15,2500.23,58.74,0.023493839
2017-09-14,2495.62,58.71,0.023525216
2017-09-13,2498.37,58.91,0.023579374
2017-09-12,2496.48,58.99,0.02362927
2017-09-11,2488.11,58.85,0.023652491
2017-09-08,2461.43,58.03,0.023575726
2017-09-07,2465.1,58.51,0.023735345
2017-09-06,2465.54,58.31,0.023649991
2017-09-05,2457.85,58.26,0.023703643
2017-09-01,2476.55,58.78,0.023734631
2017-08-31,2471.65,58.83,0.023801914
2017-08-30,2457.59,58.48,0.02379567
2017-08-29,2446.3,58.06,0.023733802
2017-08-28,2444.24,57.81,0.023651524
2017-08-25,2443.05,57.7,0.023618018
2017-08-24,2438.97,57.71,0.023661628
2017-08-23,2444.04,57.76,0.023633001
2017-08-22,2452.51,57.9,0.023608466
2017-08-21,2428.37,57.05,0.023493125
2017-08-18,2425.55,57.07,0.023528684
2017-08-17,2430.01,57.13,0.023510191
2017-08-16,2468.11,58.27,0.023609158
2017-08-15,2464.61,58.1,0.023573709
2017-08-14,2465.84,58.01,0.023525452
2017-08-11,2441.32,57.1,0.023388986
2017-08-10,2438.21,56.71,0.023258866
2017-08-09,2474.02,57.85,0.023382996
2017-08-08,2474.92,57.88,0.023386615
2017-08-07,2480.91,57.96,0.023362395
2017-08-04,2476.83,57.61,0.02325957
2017-08-03,2472.16,57.48,0.023250922
2017-08-02,2477.57,57.61,0.023252623
2017-08-01,2476.35,57.45,0.023199467
2017-07-31,2470.3,57.16,0.02313889
2017-07-28,2472.1,57.44,0.023235306
2017-07-27,2475.42,57.5,0.023228381
2017-07-26,2477.83,57.72,0.023294576
2017-07-25,2477.13,57.5,0.023212347
2017-07-24,2469.91,57.61,0.023324737
2017-07-21,2472.54,57.47,0.023243304
2017-07-20,2473.45,57.54,0.023263054
2017-07-19,2473.83,57.42,0.023210972
2017-07-18,2460.61,57.13,0.02321782
2017-07-17,2459.14,56.87,0.023125971
2017-07-14,2459.27,56.86,0.023120682
2017-07-13,2447.83,56.36,0.023024475
2017-07-12,2443.25,56.25,0.023022613
2017-07-11,2425.53,55.53,0.022893965
2017-07-10,2427.43,55.41,0.022826611
2017-07-07,2425.18,55.01,0.022682852
2017-07-06,2409.75,54.38,0.022566656
2017-07-05,2432.54,54.88,0.02256078
2017-07-03,2429.01,54.34,0.022371254
2017-06-30,2423.41,54.72,0.022579753
2017-06-29,2419.7,54.77,0.022635037
2017-06-28,2440.69,55.77,0.022850096
2017-06-27,2419.38,55.08,0.022766163
2017-06-26,2439.07,56,0.022959571
2017-06-23,2438.3,56.3,0.023089858
2017-06-22,2434.5,55.95,0.022982132
2017-06-21,2435.61,55.93,0.022963447
2017-06-20,2437.03,55.62,0.022822862
2017-06-19,2453.46,56.07,0.02285344
2017-06-16,2433.15,55.25,0.02270719
2017-06-15,2432.46,55.57,0.022845186
2017-06-14,2437.92,55.82,0.022896568
2017-06-13,2440.35,56.09,0.022984408
2017-06-12,2429.39,55.69,0.02292345
2017-06-09,2431.77,56.02,0.023036718
2017-06-08,2433.79,57.44,0.02360105
2017-06-07,2433.14,57.31,0.023553926
2017-06-06,2429.33,57.13,0.023516772
2017-06-05,2436.1,57.24,0.023496572
2017-06-02,2439.07,57.19,0.023447462
2017-06-01,2430.06,56.67,0.023320412
2017-05-31,2411.8,56.53,0.023438925
2017-05-30,2412.91,56.62,0.023465442
2017-05-26,2415.82,56.38,0.023337831
2017-05-25,2415.07,56.41,0.023357501
2017-05-24,2404.39,56.01,0.02329489
2017-05-23,2398.42,55.78,0.023256978
2017-05-22,2394.02,55.68,0.023257951
2017-05-19,2381.73,55.24,0.023193225
2017-05-18,2365.72,54.92,0.02321492
2017-05-17,2357.03,54.6,0.023164745
2017-05-16,2400.67,56.13,0.023380973
2017-05-15,2402.32,55.87,0.023256685
2017-05-12,2390.9,55.56,0.023238111
2017-05-11,2394.44,55.42,0.023145287
2017-05-10,2399.63,55.49,0.023124398
2017-05-09,2396.92,55.28,0.023062931
2017-05-08,2399.38,55.21,0.023010111
2017-05-05,2399.29,54.97,0.022910944
2017-05-04,2389.52,54.77,0.022920921
2017-05-03,2388.13,54.81,0.022951012
2017-05-02,2391.17,54.91,0.022963654
2017-05-01,2388.33,54.79,0.022940716
2017-04-28,2384.2,54.38,0.022808489
2017-04-27,2388.77,54.24,0.022706246
2017-04-26,2387.45,54.02,0.022626652
2017-04-25,2388.61,54.08,0.022640783
2017-04-24,2374.15,53.8,0.022660742
2017-04-21,2348.69,53.17,0.022638151
2017-04-20,2355.84,53.28,0.022616137
2017-04-19,2338.17,52.8,0.022581763
2017-04-18,2342.19,52.84,0.022560083
2017-04-17,2349.01,52.85,0.02249884
2017-04-13,2328.95,52.37,0.022486528
2017-04-12,2344.93,52.58,0.022422844
2017-04-11,2353.78,52.76,0.022415009
2017-04-10,2357.16,52.96,0.022467715
2017-04-07,2355.54,53.06,0.02252562
2017-04-06,2357.49,53.09,0.022519714
2017-04-05,2352.95,53.08,0.022558915
2017-04-04,2360.16,53.3,0.022583215
2017-04-03,2358.84,53.26,0.022578895
2017-03-31,2362.72,53.31,0.022562978
2017-03-30,2368.06,53.41,0.022554327
2017-03-29,2361.13,53.31,0.022578172
2017-03-28,2358.57,53.22,0.02256452
2017-03-27,2341.59,52.84,0.022565863
2017-03-24,2343.98,52.84,0.022542854
2017-03-23,2345.96,52.8,0.022506778
2017-03-22,2348.45,52.94,0.022542528
2017-03-21,2344.02,52.61,0.022444348
2017-03-20,2373.47,53.3706,0.022486318
2017-03-17,2378.25,53.34,0.022428256
2017-03-16,2381.38,53.43,0.02243657
2017-03-15,2385.26,53.4,0.022387497
2017-03-14,2365.45,53.04,0.022422795
2017-03-13,2373.47,53.16,0.022397587
2017-03-10,2372.6,53.11,0.022384726
2017-03-09,2364.87,52.83,0.022339494
2017-03-08,2362.98,52.84,0.022361594
2017-03-07,2368.39,52.78,0.022285181
2017-03-06,2375.31,52.78,0.022220258
2017-03-03,2383.12,52.86,0.022181006
2017-03-02,2381.92,52.74,0.022141802
2017-03-01,2395.96,53.09,0.022158133
2017-02-28,2363.64,52.35,0.022148043
2017-02-27,2369.75,52.6,0.022196434
2017-02-24,2367.34,52.63,0.022231703
2017-02-23,2363.81,52.51,0.022214137
2017-02-22,2362.82,52.52,0.022227677
2017-02-21,2365.38,52.46,0.022178255
2017-02-17,2351.16,52.19,0.022197554
2017-02-16,2347.22,52.01,0.022158127
2017-02-15,2349.25,51.89,0.0220879
2017-02-14,2337.58,51.72,0.022125446
2017-02-13,2328.25,51.55,0.022141093
2017-02-10,2316.1,51.32,0.022157938
2017-02-09,2307.87,51.17,0.022171959
2017-02-08,2294.67,51.01,0.022229776
2017-02-07,2293.08,50.92,0.022205941
2017-02-06,2292.56,50.72,0.022123739
2017-02-03,2297.42,50.69,0.02206388
2017-02-02,2280.85,50.36,0.022079488
2017-02-01,2279.55,50.46,0.022135948
2017-01-31,2278.87,50.08,0.021975804
2017-01-30,2280.9,50.33,0.022065851
2017-01-27,2294.69,50.74,0.022111919
2017-01-26,2296.68,50.54,0.022005678
2017-01-25,2298.37,50.68,0.02205041
2017-01-24,2280.07,50.2,0.022016868
2017-01-23,2265.2,49.89,0.022024545
2017-01-20,2271.31,49.8,0.021925673
2017-01-19,2263.69,49.53,0.021880204
2017-01-18,2271.89,49.6,0.021832043
2017-01-17,2267.89,49.47,0.021813227
2017-01-13,2274.64,49.66,0.021832026
2017-01-12,2270.44,49.51,0.021806346
2017-01-11,2275.32,49.63,0.021812317
2017-01-10,2268.9,49.4,0.021772665
2017-01-09,2268.9,49.39,0.021768258
2017-01-06,2276.98,49.4,0.021695404
2017-01-05,2269,49.04,0.021613045
2017-01-04,2270.75,48.96,0.021561158
2017-01-03,2257.83,48.79,0.021609244
2016-12-30,2238.83,48.36,0.021600568
2016-12-29,2249.26,48.74,0.021669349
2016-12-28,2249.92,48.73,0.021658548
2016-12-27,2268.88,49.17,0.021671485
2016-12-23,2263.79,48.97,0.021631865
2016-12-22,2260.96,48.92,0.021636827
2016-12-21,2265.18,49.02,0.021640664
2016-12-20,2270.76,49.12,0.021631524
2016-12-19,2262.53,48.94,0.021630652
2016-12-16,2258.07,48.59,0.021518376
2016-12-15,2262.03,49.16,0.021732691
2016-12-14,2253.28,48.94,0.021719449
2016-12-13,2271.72,49.11,0.021617981
2016-12-12,2256.96,48.5,0.021489083
2016-12-09,2259.53,48.65,0.021531026
2016-12-08,2246.19,48.3,0.021503079
2016-12-07,2241.35,48.18,0.021495973
2016-12-06,2212.23,47.28,0.0213721
2016-12-05,2204.71,47.14,0.021381497
2016-12-02,2191.95,46.69,0.021300668
2016-12-01,2191.08,46.52,0.021231539
2016-11-30,2198.81,47.5,0.021602594
2016-11-29,2204.66,48.07,0.021803816
2016-11-28,2201.72,48.04,0.021819305
2016-11-25,2213.35,48,0.021686584
2016-11-23,2204.72,47.8,0.021680758
2016-11-22,2202.94,47.99,0.021784524
2016-11-21,2198.18,47.84,0.021763459
2016-11-18,2181.9,47.36,0.021705853
2016-11-17,2187.12,47.4,0.021672336
2016-11-16,2176.94,47.1,0.021635874
2016-11-15,2180.39,46.67,0.021404428
2016-11-14,2164.2,46.02,0.021264208
2016-11-11,2164.45,46.73,0.02158978
2016-11-10,2167.48,46.59,0.021495008
2016-11-09,2163.26,47.35,0.021888261
2016-11-08,2139.56,47.41,0.022158762
2016-11-07,2131.52,47.18,0.022134439
2016-11-04,2085.18,46.18,0.022146769
2016-11-03,2088.66,46.26,0.022148172
2016-11-02,2097.94,46.71,0.022264698
2016-11-01,2111.72,47.01,0.022261474
2016-10-31,2126.15,47.42,0.022303224
2016-10-28,2126.41,47.44,0.022309903
2016-10-27,2133.04,47.49,0.022263999
2016-10-26,2139.43,47.55,0.022225546
2016-10-25,2143.16,47.82,0.022312846
2016-10-24,2151.33,47.99,0.022307131
2016-10-21,2141.16,47.53,0.022198248
2016-10-20,2141.34,47.4,0.022135672
2016-10-19,2144.29,47.62,0.022207817
2016-10-18,2139.6,47.53,0.022214433
2016-10-17,2126.5,47.27,0.022229015
2016-10-14,2132.98,47.37,0.022208366
2016-10-13,2132.55,47.19,0.022128438
2016-10-12,2139.18,47.49,0.022200095
2016-10-11,2136.73,47.41,0.02218811
2016-10-10,2163.66,47.95,0.022161523
2016-10-07,2153.74,47.62,0.022110375
2016-10-06,2160.77,47.75,0.022098604
2016-10-05,2159.73,47.64,0.022058313
2016-10-04,2150.49,47.47,0.022074039
2016-10-03,2161.2,47.64,0.022043309
2016-09-30,2168.27,47.78,0.022036001
2016-09-29,2151.13,47.53,0.022095364
2016-09-28,2171.37,47.82,0.022022962
2016-09-27,2159.93,47.73,0.022097938
2016-09-26,2146.1,47.21,0.021998043
2016-09-23,2164.69,47.49,0.021938476
2016-09-22,2177.18,47.91,0.02200553
2016-09-21,2163.12,47.62,0.022014498
2016-09-20,2139.76,47.09,0.022007141
2016-09-19,2139.12,47.12,0.02202775
2016-09-16,2139.16,47.21,0.02206941
2016-09-15,2147.26,47.58,0.022158472
2016-09-14,2125.77,46.81,0.022020256
2016-09-13,2127.02,46.59,0.021903884
2016-09-12,2159.04,46.93,0.021736513
2016-09-09,2127.81,46.16,0.021693666
2016-09-08,2181.3,47.32,0.021693486
2016-09-07,2186.16,47.71,0.021823654
2016-09-06,2186.48,47.59,0.021765578
2016-09-02,2179.98,47.35,0.021720383
2016-09-01,2170.86,47.14,0.021714896
2016-08-31,2170.95,46.99,0.021644902
2016-08-30,2176.12,47.07,0.021630241
2016-08-29,2180.38,47.23,0.021661362
2016-08-26,2169.04,47.05,0.021691624
2016-08-25,2172.47,47.03,0.02164817
2016-08-24,2175.44,46.93,0.021572647
2016-08-23,2186.9,47.19,0.02157849
2016-08-22,2182.64,47.02,0.021542719
2016-08-19,2183.87,47.02,0.021530586
2016-08-18,2187.02,46.99,0.021485857
2016-08-17,2182.22,46.97,0.021523953
2016-08-16,2178.15,46.99,0.021573354
2016-08-15,2190.15,47.34,0.021614958
2016-08-12,2184.05,47.11,0.021570019
2016-08-11,2185.79,47.16,0.021575723
2016-08-10,2175.49,46.99,0.021599732
2016-08-09,2181.74,47.14,0.021606608
2016-08-08,2180.89,47.04,0.021569176
2016-08-05,2182.87,47.05,0.021554192
2016-08-04,2164.25,46.6,0.021531708
2016-08-03,2163.79,46.35,0.021420748
2016-08-02,2157.03,46.19,0.021413703
2016-08-01,2170.84,46.54,0.021438706
2016-07-29,2173.6,46.45,0.021370077
2016-07-28,2170.06,46.28,0.021326599
2016-07-27,2166.58,46.25,0.021347008
2016-07-26,2169.18,45.87,0.02114624
2016-07-25,2168.48,45.77,0.02110695
2016-07-22,2175.03,45.83,0.021070974
2016-07-21,2165.17,45.56,0.021042228
2016-07-20,2173.02,45.8,0.021076658
2016-07-19,2163.78,45.21,0.020893991
2016-07-18,2166.89,45.31,0.020910152
2016-07-15,2161.74,45.01,0.02082119
2016-07-14,2163.75,45.05,0.020820335
2016-07-13,2152.43,44.76,0.020795101
2016-07-12,2152.14,44.75,0.020793257
2016-07-11,2137.16,44.39,0.020770555
2016-07-08,2129.9,44.13,0.020719283
2016-07-07,2097.9,43.45,0.020711187
2016-07-06,2099.73,43.45,0.020693137
2016-07-05,2088.55,43.15,0.020660267
2016-07-01,2102.95,43.47,0.020670962
2016-06-30,2098.86,43.37,0.020663598
2016-06-29,2070.77,42.9,0.020716931
2016-06-28,2036.09,42.25,0.020750556
2016-06-27,2000.54,41.43,0.020709408
2016-06-24,2037.41,42.28,0.020751837
2016-06-23,2113.32,43.97,0.020806125
2016-06-22,2085.45,43.38,0.020801266
2016-06-21,2088.9,43.53,0.020838719
2016-06-20,2083.25,43.23,0.02075123
2016-06-17,2071.22,43.05,0.020784851
2016-06-16,2077.99,43.55,0.020957752
2016-06-15,2071.5,43.46,0.020979966
2016-06-14,2075.32,43.57,0.020994353
2016-06-13,2079.06,43.47,0.020908487
2016-06-10,2096.07,43.96,0.020972582
2016-06-09,2115.48,44.3,0.020940874
2016-06-08,2119.12,44.29,0.020900185
2016-06-07,2112.13,44.2,0.020926742
2016-06-06,2109.41,44.02,0.020868394
2016-06-03,2099.13,43.94,0.020932482
2016-06-02,2105.26,44.04,0.020919031
2016-06-01,2099.33,44.08,0.020997175
2016-05-31,2096.96,44.19,0.021073363
2016-05-27,2099.06,44.1,0.021009404
2016-05-26,2090.1,43.89,0.020998995
2016-05-25,2090.54,43.75,0.020927607
2016-05-24,2076.06,43.45,0.020929068
2016-05-23,2048.04,42.65,0.020824789
2016-05-20,2052.32,42.73,0.02082034
2016-05-19,2040.04,42.22,0.020695673
2016-05-18,2047.63,42.45,0.020731284
2016-05-17,2047.21,42.37,0.02069646
2016-05-16,2066.66,42.8,0.020709744
2016-05-13,2046.61,42.21,0.02062435
2016-05-12,2064.11,42.37,0.020527007
2016-05-11,2064.46,42.49,0.020581653
2016-05-10,2084.39,42.8,0.020533585
2016-05-09,2058.69,42.25,0.02052276
2016-05-06,2057.14,42.25,0.020538223
2016-05-05,2050.63,41.94,0.020452251
2016-05-04,2051.12,41.92,0.020437615
2016-05-03,2063.37,42.05,0.020379282
2016-05-02,2081.43,42.44,0.020389828
2016-04-29,2065.3,42.13,0.020398974
2016-04-28,2075.81,42.5,0.020473935
2016-04-27,2095.15,43.04,0.020542682
2016-04-26,2091.7,43.24,0.020672181
2016-04-25,2087.79,43.45,0.02081148
2016-04-22,2091.58,43.44,0.020768988
2016-04-21,2091.48,44.21,0.021138141
2016-04-20,2102.4,44.37,0.021104452
2016-04-19,2100.8,44.28,0.021077685
2016-04-18,2094.34,44.53,0.021262068
2016-04-15,2080.73,44.34,0.021309829
2016-04-14,2082.78,44.51,0.021370476
2016-04-13,2082.42,44.52,0.021378973
2016-04-12,2061.72,44.07,0.021375356
2016-04-11,2041.99,43.77,0.021434973
2016-04-08,2047.6,43.89,0.021434851
2016-04-07,2041.91,43.89,0.021494581
2016-04-06,2066.66,44.53,0.021546844
2016-04-05,2045.17,44.1,0.021563
2016-04-04,2066.13,44.53,0.021552371
2016-04-01,2072.78,44.7,0.021565241
2016-03-31,2059.74,44.36,0.021536699
2016-03-30,2063.95,44.45,0.021536374
2016-03-29,2055.01,44.19,0.021503545
2016-03-28,2037.05,43.51,0.021359319
2016-03-24,2035.94,43.62,0.021424993
2016-03-23,2036.71,43.5,0.021357974
2016-03-22,2049.8,43.75,0.021343546
2016-03-21,2051.6,43.74,0.021319945
2016-03-18,2049.58,43.59,0.021267772
2016-03-17,2040.59,43.74,0.021434977
2016-03-16,2027.22,43.58,0.02149742
2016-03-15,2015.93,43.08,0.02136979
2016-03-14,2019.64,42.92,0.021251312
2016-03-11,2022.19,42.87,0.021199788
2016-03-10,1989.57,42.22,0.021220666
2016-03-09,1989.26,42.26,0.021244081
2016-03-08,1979.26,41.9,0.021169528
2016-03-07,2001.76,42.16,0.021061466
2016-03-04,1999.99,42.42,0.021210106
2016-03-03,1993.4,42.31,0.021225043
2016-03-02,1986.45,42.31,0.021299303
2016-03-01,1978.35,42.19,0.021325852
2016-02-29,1932.23,40.97,0.02120348
2016-02-26,1948.05,41.26,0.021180155
2016-02-25,1951.7,41.37,0.021196905
2016-02-24,1929.8,40.86,0.021173179
2016-02-23,1921.27,40.55,0.021105831
2016-02-22,1945.5,41.2,0.021177075
2016-02-19,1917.78,40.66,0.021201598
2016-02-18,1917.83,40.63,0.021185402
2016-02-17,1926.82,40.79,0.021169595
2016-02-16,1895.58,39.97,0.021085895
2016-02-12,1864.78,39.27,0.021058784
2016-02-11,1829.08,38.73,0.02117458
2016-02-10,1851.86,38.83,0.020968108
2016-02-09,1852.21,38.75,0.020920954
2016-02-08,1853.44,38.93,0.021004187
2016-02-05,1880.05,39.5,0.02101008
2016-02-04,1915.45,40.64,0.021216946
2016-02-03,1912.53,40.6,0.021228425
2016-02-02,1903.03,40.65,0.021360672
2016-02-01,1939.38,41.39,0.021341872
2016-01-29,1940.24,41.24,0.021255102
2016-01-28,1893.36,39.98,0.0211159
2016-01-27,1882.95,39.47,0.020961789
2016-01-26,1903.63,40.3,0.02117008
2016-01-25,1877.08,39.91,0.021261747
2016-01-22,1906.9,40.38,0.02117573
2016-01-21,1868.99,39.29,0.021022049
2016-01-20,1859.33,39.07,0.021012946
2016-01-19,1881.33,39.38,0.020932
2016-01-15,1880.33,39.34,0.020921859
2016-01-14,1921.84,40.48,0.021063148
2016-01-13,1890.28,39.73,0.02101805
2016-01-12,1938.68,40.83,0.021060722
2016-01-11,1923.67,40.35,0.020975531
2016-01-08,1922.03,40.09,0.020858155
2016-01-07,1943.09,40.41,0.020796772
2016-01-06,1990.26,41.64,0.02092189
2016-01-05,2016.71,42.16,0.020905336
2016-01-04,2012.66,42.27,0.021002057
2015-12-31,2043.94,42.83,0.020954627
2015-12-30,2063.36,43.44,0.02105304
2015-12-29,2078.36,43.81,0.02107912
2015-12-28,2056.5,43.22,0.02101629
2015-12-25,2060.99,43.25,0.020985061
2015-12-24,2060.99,43.27,0.020994765
2015-12-23,2064.29,42.91,0.020786808
2015-12-22,2038.97,42.6,0.020892902
2015-12-21,2021.15,42.17,0.020864359
2015-12-18,2005.55,43.22,0.021550198
2015-12-17,2041.89,43.91,0.021504586
2015-12-16,2073.07,43.32,0.020896545
2015-12-15,2043.41,43.13,0.021106875
2015-12-14,2021.94,42.8,0.021167789
2015-12-11,2012.37,43.71,0.021720658
2015-12-10,2052.23,43.59,0.021240309
2015-12-09,2047.62,44.24,0.021605571
2015-12-08,2063.59,44.35,0.021491672
2015-12-07,2077.07,44.57,0.021458112
2015-12-04,2091.69,43.5,0.020796581
2015-12-03,2049.62,44.07,0.021501547
2015-12-02,2079.51,44.35,0.02132714
2015-12-01,2102.63,43.96,0.02090715
2015-11-30,2080.41,43.91,0.021106417
2015-11-27,2090.11,43.81,0.020960619
2015-11-26,2088.87,43.95,0.021040084
2015-11-25,2088.87,43.94,0.021035297
2015-11-24,2089.14,44.2,0.021157031
2015-11-23,2086.59,43.88,0.021029527
2015-11-20,2089.17,43.68,0.020907825
2015-11-19,2081.24,43.03,0.020675174
2015-11-18,2083.58,43.02,0.020647155
2015-11-17,2050.44,42.37,0.020663858
2015-11-16,2053.19,43.22,0.021050171
2015-11-13,2023.04,43.6,0.021551724
2015-11-12,2045.97,43.62,0.021319961
2015-11-11,2075,43.91,0.021161446
2015-11-10,2081.72,44.34,0.021299694
2015-11-09,2078.58,44.19,0.021259706
2015-11-06,2099.2,44.32,0.021112805
2015-11-05,2099.93,44.27,0.021081655
2015-11-04,2102.31,44.04,0.020948385
2015-11-03,2109.79,43.65,0.020689263
2015-11-02,2104.05,43.94,0.020883534
2015-10-30,2079.36,44.06,0.021189212
2015-10-29,2089.41,43.41,0.0207762
2015-10-28,2090.35,43.66,0.020886454
2015-10-27,2065.89,43.83,0.021216038
2015-10-26,2071.18,42.64,0.020587298
2015-10-23,2075.15,41.7,0.020094933
2015-10-22,2052.51,42.02,0.020472495
2015-10-21,2018.94,42.13,0.020867386
2015-10-20,2030.77,41.97,0.020667038
2015-10-19,2033.66,41.89,0.02059833
2015-10-16,2033.11,41.36,0.020343218
2015-10-15,2023.86,41.44,0.020475725
2015-10-14,1994.24,41.53,0.020824976
2015-10-13,2003.69,41.48,0.020701805
2015-10-12,2017.46,41.3,0.020471286
2015-10-09,2014.89,41.11,0.020403099
2015-10-08,2013.43,40.92,0.020323528
2015-10-07,1995.83,40.87,0.020477696
2015-10-06,1979.92,40.08,0.020243242
2015-10-05,1987.05,39.52,0.01988878
2015-10-02,1951.36,39.5,0.020242293
2015-10-01,1923.82,38.73,0.020131821
2015-09-30,1920.03,38.9,0.0202601
2015-09-29,1884.09,39.81,0.021129564
2015-09-28,1881.77,39.88,0.021192813
2015-09-25,1931.34,39.88,0.020648876
2015-09-24,1932.24,39.78,0.020587505
2015-09-23,1938.76,40.46,0.020869009
2015-09-22,1942.74,40.06,0.020620361
2015-09-21,1966.97,40.77,0.020727312
2015-09-18,1958.03,41.05,0.020964949
2015-09-17,1990.2,40.88,0.020540649
2015-09-16,1995.31,40.36,0.020227433
2015-09-15,1978.09,40.46,0.020454074
2015-09-14,1953.03,40.27,0.020619243
2015-09-11,1961.05,39.87,0.020330945
2015-09-10,1952.29,40.4,0.020693647
2015-09-09,1942.04,39.3,0.020236452
2015-09-08,1969.41,39.91,0.020264952
2015-09-07,1921.22,39.88,0.020757644
2015-09-04,1921.22,38.94,0.020268371
2015-09-03,1951.13,40.23,0.020618821
2015-09-02,1948.86,40.6,0.020832692
2015-09-01,1913.85,40.52,0.021171983
2015-08-31,1972.18,39.6,0.020079303
2015-08-28,1988.87,37.7,0.018955487
2015-08-27,1987.66,38.14,0.019188392
2015-08-26,1940.51,39.56,0.020386393
2015-08-25,1867.61,41.13,0.022022799
2015-08-24,1893.21,42.16,0.022269056
2015-08-21,1970.89,42.44,0.021533419
2015-08-20,2035.73,42.66,0.020955628
2015-08-19,2079.61,42.42,0.020398055
2015-08-18,2096.92,42.21,0.020129523
2015-08-17,2102.44,42.33,0.020133749
2015-08-14,2091.54,42.14,0.020147834
2015-08-13,2083.39,42.78,0.020533841
2015-08-12,2086.05,42.12,0.020191271
2015-08-11,2084.07,42.09,0.020196059
2015-08-10,2104.18,42.51,0.020202644
2015-08-07,2077.57,42.1,0.020264058
2015-08-06,2083.56,42.35,0.020325789
2015-08-05,2099.84,42.58,0.020277735
2015-08-04,2093.32,42.72,0.020407773
2015-08-03,2098.04,42.64,0.020323731
2015-07-31,2103.84,42.36,0.020134611
2015-07-30,2108.63,41.98,0.019908661
2015-07-29,2108.57,42.36,0.020089445
2015-07-28,2093.25,42.59,0.020346351
2015-07-27,2067.64,42.68,0.020641891
2015-07-24,2079.65,43.38,0.020859279
2015-07-23,2102.15,43.67,0.02077397
2015-07-22,2114.15,43.44,0.020547265
2015-07-21,2119.21,42.78,0.020186768
2015-07-20,2128.28,42.24,0.019847013
2015-07-17,2126.64,42.23,0.019857616
2015-07-16,2124.29,42.07,0.019804264
2015-07-15,2107.4,41.44,0.019664041
2015-07-14,2108.95,40.79,0.019341378
2015-07-13,2099.6,40.95,0.019503715
2015-07-10,2076.62,41.63,0.020046999
2015-07-09,2051.31,41.57,0.020265099
2015-07-08,2046.68,41.74,0.020394004
2015-07-07,2081.34,41.68,0.02002556
2015-07-06,2068.76,41.4,0.020011988
2015-07-03,2076.78,41.36,0.019915446
2015-07-02,2076.78,42.26,0.020348809
2015-07-01,2077.42,42.62,0.020515832
2015-06-30,2063.11,42.72,0.020706603
2015-06-29,2057.64,42.92,0.020858848
2015-06-26,2101.49,42.89,0.020409329
2015-06-25,2102.31,42.54,0.020234884
2015-06-24,2108.58,43.09,0.020435554
2015-06-23,2124.2,42.71,0.020106393
2015-06-22,2122.85,42.69,0.020109758
2015-06-19,2109.99,42.41,0.020099621
2015-06-18,2121.24,42.67,0.020115593
2015-06-17,2100.44,43.05,0.020495706
2015-06-16,2096.29,43.03,0.02052674
2015-06-15,2084.43,42.37,0.0203269
2015-06-12,2094.11,42.47,0.020280692
2015-06-11,2108.86,42.95,0.020366454
2015-06-10,2105.2,43.09,0.020468364
2015-06-09,2080.15,43.49,0.020907146
2015-06-08,2079.28,43.4,0.02087261
2015-06-05,2092.83,43.49,0.020780474
2015-06-04,2095.84,43.37,0.020693374
2015-06-03,2114.07,43.69,0.020666298
2015-06-02,2109.6,43.78,0.020752749
2015-06-01,2111.73,42.97,0.020348245
2015-05-29,2107.39,43.6,0.020689099
2015-05-28,2120.79,43.63,0.020572523
2015-05-27,2123.48,43.44,0.020456986
2015-05-26,2104.2,43.41,0.020630168
2015-05-25,2126.06,43.52,0.020469789
2015-05-22,2126.06,43.31,0.020371015
2015-05-21,2130.82,43.45,0.020391211
2015-05-20,2125.85,42.76,0.020114307
2015-05-19,2127.83,42.58,0.020010997
2015-05-18,2129.2,42.81,0.020106143
2015-05-15,2122.73,43.03,0.020271066
2015-05-14,2121.1,42.42,0.019999057
2015-05-13,2098.48,42.11,0.020066906
2015-05-12,2099.12,42.47,0.020232288
2015-05-11,2105.33,43.14,0.020490849
2015-05-08,2116.1,43.1,0.020367657
2015-05-07,2088,42.58,0.02039272
2015-05-06,2080.15,43.18,0.020758118
2015-05-05,2089.46,43.39,0.020766131
2015-05-04,2114.49,43.25,0.020454105
2015-05-01,2108.29,43.13,0.020457337
2015-04-30,2085.51,42.76,0.020503378
2015-04-29,2106.85,42.59,0.020215013
2015-04-28,2114.76,42.16,0.019936068
2015-04-27,2108.92,42.18,0.020000759
2015-04-24,2117.69,41.47,0.019582658
2015-04-23,2112.93,42.05,0.019901275
2015-04-22,2107.96,42.2,0.020019355
2015-04-21,2097.29,41.83,0.019944786
2015-04-20,2100.4,41.96,0.019977147
2015-04-17,2081.18,42.08,0.020219299
2015-04-16,2104.99,41.92,0.019914584
2015-04-15,2106.63,41.81,0.019846864
2015-04-14,2095.84,41.68,0.019887014
2015-04-13,2092.43,41.77,0.019962436
2015-04-10,2102.06,41.37,0.019680694
2015-04-09,2091.18,41.38,0.019787871
2015-04-08,2081.9,41.44,0.019904895
2015-04-07,2076.33,41.87,0.020165388
2015-04-06,2080.62,41.37,0.019883496
2015-04-03,2066.96,41.34,0.020000387
2015-04-02,2066.96,41.31,0.019985873
2015-04-01,2059.69,42.4,0.020585622
2015-03-31,2067.89,42.54,0.020571694
2015-03-30,2086.24,42.54,0.020390751
2015-03-27,2061.02,42.44,0.020591746
2015-03-26,2056.15,42.56,0.020698879
2015-03-25,2061.05,41.99,0.020373111
2015-03-24,2091.5,41.98,0.020071719
2015-03-23,2104.42,41.49,0.019715646
2015-03-20,2108.1,41.72,0.019790333
2015-03-19,2089.27,41.45,0.019839465
2015-03-18,2099.5,41.72,0.019871398
2015-03-17,2074.28,42.59,0.020532426
2015-03-16,2081.19,42.39,0.020368155
2015-03-13,2053.4,42.92,0.020901919
2015-03-12,2065.95,42.97,0.020799148
2015-03-11,2040.24,43.14,0.021144571
2015-03-10,2044.16,43.43,0.021245891
2015-03-09,2079.43,43.09,0.020722025
2015-03-06,2071.26,43.24,0.020876182
2015-03-05,2101.04,42.97,0.020451776
2015-03-04,2098.53,43.24,0.0206049
2015-03-03,2107.78,43.11,0.020452799
2015-03-02,2117.39,43.08,0.020345803
2015-02-27,2104.5,42.86,0.020365883
2015-02-26,2110.74,42.71,0.02023461
2015-02-25,2113.86,42.67,0.020185821
2015-02-24,2115.48,42.65,0.020160909
2015-02-23,2109.66,42.38,0.020088545
2015-02-20,2110.3,41.81,0.019812349
2015-02-19,2097.45,41.65,0.019857446
2015-02-18,2099.68,41.04,0.019545836
2015-02-17,2100.34,41.1,0.01956826
2015-02-16,2096.99,41.23,0.019661515
2015-02-13,2096.99,40.85,0.019480303
2015-02-12,2088.48,40.77,0.019521374
2015-02-11,2068.53,40.31,0.019487269
2015-02-10,2068.59,39.9,0.019288501
2015-02-09,2046.74,40.4,0.019738706
2015-02-06,2055.47,40.02,0.01947
2015-02-05,2062.52,40.09,0.019437387
2015-02-04,2041.51,41.28,0.020220327
2015-02-03,2050.03,41.45,0.020219216
2015-02-02,2020.85,41.46,0.020516119
2015-01-30,1994.99,40.79,0.020446218
2015-01-29,2021.25,40.72,0.020145949
2015-01-28,2002.16,40.38,0.020168218
2015-01-27,2029.55,39.99,0.019703875
2015-01-26,2057.09,40.51,0.019692867
2015-01-23,2051.82,40.74,0.019855543
2015-01-22,2063.15,40.77,0.019761045
2015-01-21,2032.12,41.25,0.020298998
2015-01-20,2022.55,41.38,0.020459321
2015-01-19,2019.42,40.49,0.020050311
2015-01-16,2019.42,40.15,0.019881946
2015-01-15,1992.67,40.64,0.020394747
2015-01-14,2011.27,41.27,0.020519373
2015-01-13,2023.03,41.35,0.020439638
2015-01-12,2028.26,41.81,0.020613728
2015-01-09,2044.81,42.11,0.0205936
2015-01-08,2062.14,42.32,0.02052237
2015-01-07,2025.9,42.14,0.020800632
2015-01-06,2002.61,42.18,0.021062513
2015-01-05,2020.58,42.07,0.020820754
2015-01-02,2058.2,41.57,0.02019726
2015-01-01,2058.9,41.74,0.020272961
2014-12-31,2058.9,40.58,0.019709554
2014-12-30,2080.35,39.83,0.019145817
2014-12-29,2090.57,40.37,0.019310523
2014-12-26,2088.77,40.615,0.019444458
2014-12-25,2081.88,41.23,0.019804215
2014-12-24,2081.88,41.05,0.019717755
2014-12-23,2082.17,41.68,0.020017578
2014-12-22,2078.54,41.69,0.020057348
2014-12-19,2070.65,42.12,0.020341439
2014-12-18,2061.23,42.17,0.020458658
2014-12-17,2012.89,42.17,0.020949977
2014-12-16,1972.74,42.02,0.021300323
2014-12-15,1989.63,42.005,0.021111966
2014-12-12,2002.33,42.49,0.021220278
2014-12-11,2035.33,42.29,0.020777957
2014-12-10,2026.14,41.91,0.020684652
2014-12-09,2059.82,41.89,0.020336728
2014-12-08,2060.31,41.67,0.020225112
2014-12-05,2075.37,41.61,0.020049437
2014-12-04,2071.92,41.4,0.019981466
2014-12-03,2074.33,41.67,0.020088414
2014-12-02,2066.55,41.53,0.020096296
2014-12-01,2053.44,41.61,0.020263558
2014-11-28,2067.56,41.32,0.01998491
2014-11-27,2072.83,41.1,0.019827965
2014-11-26,2072.83,40.97,0.019765248
2014-11-25,2067.03,40.95,0.019811033
2014-11-24,2069.41,40.84,0.019735094
2014-11-21,2063.5,40.79,0.019767386
2014-11-20,2052.75,40.81,0.019880648
2014-11-19,2048.72,40.7,0.019866063
2014-11-18,2051.8,40.71,0.019841115
2014-11-17,2041.32,40.54,0.019859699
2014-11-14,2039.82,39.92,0.019570354
2014-11-13,2039.33,39.79,0.01951131
2014-11-12,2038.25,39.83,0.019541273
2014-11-11,2039.68,39.29,0.019262826
2014-11-10,2038.26,39.25,0.019256621
2014-11-07,2031.92,38.91,0.019149376
2014-11-06,2031.21,38.48,0.018944373
2014-11-05,2023.57,38.66,0.019104849
2014-11-04,2012.1,37.92,0.018845982
2014-11-03,2017.81,37.65,0.018658843
2014-10-31,2018.05,37.21,0.018438592
2014-10-30,1994.65,37.43,0.018765197
2014-10-29,1982.3,37.69,0.019013267
2014-10-28,1985.05,37.63,0.018956701
2014-10-27,1961.63,38.05,0.019397134
2014-10-24,1964.58,39.05,0.019877022
2014-10-23,1950.82,39.71,0.020355543
2014-10-22,1927.11,38.97,0.02022199
2014-10-21,1941.28,39.59,0.020393761
2014-10-20,1904.01,39.58,0.020787706
2014-10-17,1886.76,39.26,0.020808158
2014-10-16,1862.76,39.28,0.021086989
2014-10-15,1862.49,39.9,0.021422934
2014-10-14,1877.7,39.78,0.021185493
2014-10-13,1874.74,39.79,0.021224276
2014-10-10,1906.13,39.36,0.020649169
2014-10-09,1928.21,40.24,0.020869096
2014-10-08,1968.89,39.98,0.020305858
2014-10-07,1935.1,40.07,0.02070694
2014-10-06,1964.82,40.34,0.020531143
2014-10-03,1967.9,40.6,0.02063113
2014-10-02,1946.17,40.36,0.020738168
2014-10-01,1946.16,40.28,0.020697168
2014-09-30,1972.29,39.98,0.020270853
2014-09-29,1977.8,40.22,0.020335727
2014-09-26,1982.85,40.39,0.02036967
2014-09-25,1965.99,40.3,0.020498578
2014-09-24,1998.3,40.06,0.02004704
2014-09-23,1982.77,40.35,0.020350318
2014-09-22,1994.29,40.29,0.020202679
2014-09-19,2010.4,40.05,0.019921409
2014-09-18,2011.36,40.07,0.019921844
2014-09-17,2001.57,40.29,0.020129199
2014-09-16,1998.98,40.28,0.020150277
2014-09-15,1984.13,40.1,0.020210369
2014-09-12,1985.54,40.16,0.020226236
2014-09-11,1997.45,40.17,0.020110641
2014-09-10,1995.69,40.15,0.020118355
2014-09-09,1988.44,40.11,0.020171592
2014-09-08,2001.54,40.1,0.020034573
2014-09-05,2007.71,39.91,0.019878369
2014-09-04,1997.65,39.91,0.019978475
2014-09-03,2000.72,39.66,0.019822864
2014-09-02,2002.28,39.29,0.01962263
2014-09-01,2003.37,39.29,0.019611954
2014-08-29,2003.37,39.22,0.019577013
2014-08-28,1996.74,38.84,0.019451706
2014-08-27,2000.12,38.86,0.019428834
2014-08-26,2000.02,38.67,0.019334807
2014-08-25,1997.92,38.42,0.019229999
2014-08-22,1988.4,38.58,0.019402535
2014-08-21,1992.37,38.7,0.019424103
2014-08-20,1986.51,39.065,0.019665141
2014-08-19,1981.6,38.789,0.019574586
2014-08-18,1971.74,39,0.019779484
2014-08-15,1955.06,39.75,0.020331857
2014-08-14,1955.18,39.71,0.02031015
2014-08-13,1946.72,39.79,0.020439509
2014-08-12,1933.75,39.72,0.020540401
2014-08-11,1936.92,39.77,0.020532598
2014-08-08,1931.59,39.8,0.020604787
2014-08-07,1909.57,39.73,0.020805731
2014-08-06,1920.24,39.4,0.020518269
2014-08-05,1920.21,39.4499,0.020544576
2014-08-04,1938.99,38.98,0.02010325
2014-08-01,1925.15,39.49,0.020512687
2014-07-31,1930.67,39.13,0.020267576
2014-07-30,1970.07,39.2,0.01989777
2014-07-29,1969.95,38.92,0.019756847
2014-07-28,1978.91,38.72,0.019566327
2014-07-25,1978.34,38.83,0.019627567
2014-07-24,1987.98,38.64,0.019436815
2014-07-23,1987.01,38.99,0.019622448
2014-07-22,1983.53,38.95,0.019636708
2014-07-21,1973.63,38.78,0.019649073
2014-07-18,1978.22,38.74,0.019583262
2014-07-17,1958.12,38.35,0.019585112
2014-07-16,1981.57,38.34,0.019348295
2014-07-15,1973.28,38.11,0.019313022
2014-07-14,1977.1,38.15,0.019295938
2014-07-11,1967.57,38,0.019313163
2014-07-10,1964.68,38.2,0.01944337
2014-07-09,1972.83,38.09,0.01930729
2014-07-08,1963.71,38.35,0.01952936
2014-07-07,1977.65,38.42,0.019427098
2014-07-04,1985.44,38.22,0.019250141
2014-07-03,1985.44,38.13,0.019204811
2014-07-02,1974.62,38.13,0.019310044
2014-07-01,1973.32,37.91,0.019211278
2014-06-30,1960.23,38.24,0.019507915
2014-06-27,1960.96,38.33,0.019546549
2014-06-26,1957.22,38.31,0.019573681
2014-06-25,1959.53,38.19,0.019489367
2014-06-24,1949.98,38.02,0.019497636
2014-06-23,1962.61,37.77,0.019244781
2014-06-20,1962.87,37.7,0.01920657
2014-06-19,1959.48,37.76,0.019270419
2014-06-18,1956.98,37.82,0.019325696
2014-06-17,1941.99,37.78,0.019454271
2014-06-16,1937.78,37.56,0.019383005
2014-06-13,1936.16,37.66,0.019450872
2014-06-12,1930.11,37.34,0.019346048
2014-06-11,1943.89,37.03,0.019049432
2014-06-10,1950.79,36.96,0.018946171
2014-06-09,1951.27,36.71,0.018813388
2014-06-06,1949.44,36.92,0.018938772
2014-06-05,1940.46,36.68,0.018902734
2014-06-04,1927.88,36.45,0.018906778
2014-06-03,1924.24,36.67,0.019056874
2014-06-02,1924.97,36.84,0.019137961
2014-05-30,1923.57,36.82,0.019141492
2014-05-29,1920.03,36.33,0.018921579
2014-05-28,1909.78,36.29,0.019002189
2014-05-27,1911.91,36.19,0.018928715
2014-05-26,1900.53,36.17,0.019031533
2014-05-23,1900.53,36.58,0.019247263
2014-05-22,1892.49,36.39,0.019228635
2014-05-21,1888.03,36.49,0.019327023
2014-05-20,1872.83,36.45,0.019462525
2014-05-19,1885.08,36.34,0.019277696
2014-05-16,1877.86,36.09,0.019218685
2014-05-15,1870.85,35.75,0.019108961
2014-05-14,1888.53,36.21,0.019173643
2014-05-13,1897.45,35.93,0.01893594
2014-05-12,1896.65,36.32,0.019149553
2014-05-09,1878.48,36.17,0.01925493
2014-05-08,1875.63,36.03,0.019209546
2014-05-07,1878.21,36.08,0.01920978
2014-05-06,1867.72,35.73,0.019130276
2014-05-05,1884.66,35.55,0.018862819
2014-05-02,1881.14,35.2,0.018712058
2014-05-01,1883.68,35.6,0.018899176
2014-04-30,1883.95,36.44,0.019342339
2014-04-29,1878.33,35.96,0.019144666
2014-04-28,1869.43,35.64,0.019064635
2014-04-25,1863.4,35.92,0.019276591
2014-04-24,1878.61,36.62,0.019493136
2014-04-23,1875.39,36.8,0.019622585
2014-04-22,1879.55,36.78,0.019568514
2014-04-21,1871.89,36.35,0.019418876
2014-04-18,1864.85,36.07,0.019342038
2014-04-17,1864.85,35.93,0.019266965
2014-04-16,1862.31,36.06,0.019363049
2014-04-15,1842.98,36.5,0.019804881
2014-04-14,1830.61,36.28,0.01981853
2014-04-11,1815.69,36.31,0.019997907
2014-04-10,1833.08,36.65,0.019993672
2014-04-09,1872.18,36.37,0.019426551
2014-04-08,1851.96,36.52,0.019719648
2014-04-07,1845.04,36.05,0.019538872
2014-04-04,1865.09,35.63,0.019103636
2014-04-03,1888.77,35.85,0.018980606
2014-04-02,1890.9,36.34,0.019218362
2014-04-01,1885.52,36.28,0.019241376
2014-03-31,1872.34,36.36,0.01941955
2014-03-28,1857.62,36.42,0.019605732
2014-03-27,1849.04,36.53,0.019756198
2014-03-26,1852.56,36.48,0.01969167
2014-03-25,1865.62,36.43,0.019527021
2014-03-24,1857.44,35.96,0.019359979
2014-03-21,1866.52,36.35,0.019474744
2014-03-20,1872.01,36.31,0.019396264
2014-03-19,1860.77,36.02,0.019357578
2014-03-18,1872.25,35.99,0.01922286
2014-03-17,1858.83,36.09,0.019415439
2014-03-14,1841.13,35.95,0.019526052
2014-03-13,1846.34,36.09,0.019546779
2014-03-12,1868.2,35.97,0.019253827
2014-03-11,1867.63,36.09,0.019323956
2014-03-10,1877.17,36.07,0.019215095
2014-03-07,1878.04,36,0.019168921
2014-03-06,1877.03,35.74,0.019040719
2014-03-05,1873.81,35.6,0.018998725
2014-03-04,1873.91,35.17,0.018768244
2014-03-03,1845.73,35.1,0.019016866
2014-02-28,1859.45,34.63,0.018623787
2014-02-27,1854.29,34.25,0.018470682
2014-02-26,1845.16,34.22,0.018545817
2014-02-25,1845.12,34.09,0.018475763
2014-02-24,1847.61,34.82,0.018845969
2014-02-21,1836.25,34.74,0.018918993
2014-02-20,1839.78,34.32,0.018654404
2014-02-19,1828.75,34.59,0.018914559
2014-02-18,1840.76,34.8,0.018905235
2014-02-17,1838.63,35.13,0.019106617
2014-02-14,1838.63,35.82,0.019481897
2014-02-13,1829.83,35.89,0.019613844
2014-02-12,1819.26,35.93,0.019749788
2014-02-11,1819.75,35.75,0.019645556
2014-02-10,1799.84,35.95,0.019973998
2014-02-07,1797.02,35.96,0.020010907
2014-02-06,1773.43,35.53,0.020034622
2014-02-05,1751.64,34.94,0.019947021
2014-02-04,1755.2,35.32,0.020123063
2014-02-03,1741.89,35.25,0.02023664
2014-01-31,1782.59,35.48,0.019903623
2014-01-30,1794.19,35.48,0.01977494
2014-01-29,1774.2,35.16,0.019817382
2014-01-28,1792.5,35.22,0.019648536
2014-01-27,1781.56,35.39,0.019864613
2014-01-24,1790.29,35.74,0.019963246
2014-01-23,1828.46,35.51,0.019420715
2014-01-22,1844.86,35.58,0.019286016
2014-01-21,1843.8,35.61,0.019313375
2014-01-20,1838.7,35.52,0.019317996
2014-01-17,1838.7,35.42,0.01926361
2014-01-16,1845.89,34.96,0.018939373
2014-01-15,1848.38,34.86,0.018859758
2014-01-14,1838.88,34.8,0.018924563
2014-01-13,1819.2,34.53,0.018980871
2014-01-10,1842.37,34.54,0.018747591
2014-01-09,1838.13,34.2,0.018605866
2014-01-08,1837.49,34.31,0.01867221
2014-01-07,1837.88,34.54,0.018793392
2014-01-06,1826.77,34.86,0.019082862
2014-01-03,1831.37,34.93,0.019073153
2014-01-02,1831.98,34.82,0.019006758
2014-01-01,1848.36,34.58,0.018708477
2013-12-31,1848.36,34.69,0.018767989
2013-12-30,1841.07,34.66,0.018826009
2013-12-27,1841.4,34.58,0.01877919
2013-12-26,1842.02,34.69,0.018832586
2013-12-25,1833.32,34.55,0.018845592
2013-12-24,1833.32,34.28,0.018698318
2013-12-23,1827.99,34.16,0.018687192
2013-12-20,1818.32,34.16,0.018786572
2013-12-19,1809.6,34.23,0.018915782
2013-12-18,1810.65,33.94,0.01874465
2013-12-17,1781,34.05,0.019118473
2013-12-16,1786.54,34.17,0.019126356
2013-12-13,1775.32,34.3,0.019320461
2013-12-12,1775.5,34.225,0.01927626
2013-12-11,1782.22,34.32,0.019256882
2013-12-10,1802.62,34.03,0.018878077
2013-12-09,1808.37,33.94,0.018768283
2013-12-06,1805.09,33.9,0.018780227
2013-12-05,1785.03,33.595,0.018820412
2013-12-04,1792.81,34.04,0.018986953
2013-12-03,1795.15,33.7,0.018772805
2013-12-02,1800.9,33.79,0.018762841
2013-11-29,1805.81,33.66,0.018639835
2013-11-28,1807.23,33.65,0.018619655
2013-11-27,1807.23,33.76,0.018680522
2013-11-26,1802.75,33.825,0.018763001
2013-11-25,1802.48,33.61,0.018646531
2013-11-22,1804.76,33.5,0.018562025
2013-11-21,1795.85,33.33,0.018559457
2013-11-20,1781.37,33.25,0.018665409
2013-11-19,1787.87,33.41,0.018687041
2013-11-18,1791.53,33.42,0.018654446
2013-11-15,1798.18,33.24,0.018485357
2013-11-14,1790.62,32.68,0.018250662
2013-11-13,1782,32.67,0.018333333
2013-11-12,1767.69,32.36,0.018306377
2013-11-11,1771.89,32.56,0.018375859
2013-11-08,1770.61,32.45,0.018327017
2013-11-07,1747.15,32.18,0.018418567
2013-11-06,1770.49,31.65,0.017876407
2013-11-05,1762.97,31.53,0.017884592
2013-11-04,1767.93,32.04,0.018122889
2013-11-01,1761.64,32.18,0.018267069
2013-10-31,1756.54,32.05,0.018246097
2013-10-30,1763.31,32.33,0.018334836
2013-10-29,1771.95,32.32,0.018239792
2013-10-28,1762.11,32.04,0.018182747
2013-10-25,1759.77,32.24,0.018320576
2013-10-24,1752.07,32.44,0.018515242
2013-10-23,1746.38,32.32,0.018506854
2013-10-22,1754.67,32.37,0.018447913
2013-10-21,1744.66,32.51,0.018634003
2013-10-18,1744.5,32.415,0.018581255
2013-10-17,1733.15,32.805,0.018927964
2013-10-16,1721.54,32.779,0.01904051
2013-10-15,1698.06,32.37,0.019062931
2013-10-14,1710.14,32.21,0.018834715
2013-10-11,1703.2,32.255,0.018937882
2013-10-10,1692.56,32.225,0.019039207
2013-10-09,1656.4,32.2,0.019439749
2013-10-08,1655.45,32.35,0.019541514
2013-10-07,1676.12,32.15,0.019181204
2013-10-04,1690.5,31.77,0.018793256
2013-10-03,1678.66,31.75,0.018913896
2013-10-02,1693.87,31.735,0.018735204
2013-10-01,1695,31.431,0.018543363
2013-09-30,1681.55,31.4,0.018673248
2013-09-27,1691.75,31.55,0.018649328
2013-09-26,1698.67,31.38,0.018473276
2013-09-25,1692.77,31.36,0.018525848
2013-09-24,1697.42,31.92,0.01880501
2013-09-23,1701.84,32.07,0.01884431
2013-09-20,1709.91,31.84,0.018620863
2013-09-19,1722.34,31.7,0.018405193
2013-09-18,1725.52,31.77,0.018411841
2013-09-17,1704.76,31.72,0.018606725
2013-09-16,1697.6,31.815,0.018741164
2013-09-13,1687.99,31.85,0.018868595
2013-09-12,1683.42,32.37,0.019228713
2013-09-11,1689.13,32.4,0.019181472
2013-09-10,1683.99,32.18,0.019109377
2013-09-09,1671.71,31.97,0.01912413
2013-09-06,1655.17,32.135,0.019414924
2013-09-05,1655.08,32.03,0.019352539
2013-09-04,1653.08,32.11,0.019424347
2013-09-03,1639.77,32.28,0.019685688
2013-09-02,1632.97,32.21,0.019724796
2013-08-30,1632.97,32.07,0.019639063
2013-08-29,1638.17,31.73,0.019369174
2013-08-28,1634.96,31.84,0.019474483
2013-08-27,1630.48,31.68,0.019429861
2013-08-26,1656.78,31.73,0.019151607
2013-08-23,1663.5,31.64,0.019020138
2013-08-22,1656.96,31.62,0.01908314
2013-08-21,1642.8,31.411,0.019120404
2013-08-20,1652.35,31.54,0.019087966
2013-08-19,1646.06,31.445,0.019103192
2013-08-16,1655.83,31.99,0.019319616
2013-08-15,1661.32,32.07,0.019303927
2013-08-14,1685.39,32.045,0.019013403
2013-08-13,1694.16,32.02,0.018900222
2013-08-12,1689.47,31.93,0.018899418
2013-08-09,1691.42,31.91,0.018865805
2013-08-08,1697.48,31.38,0.018486227
2013-08-07,1690.91,31.28,0.018498915
2013-08-06,1697.37,31.16,0.018357812
2013-08-05,1707.14,31.18,0.018264466
2013-08-02,1709.67,30.98,0.018120456
2013-08-01,1706.87,30.8,0.018044725
2013-07-31,1685.73,30.75,0.018241355
2013-07-30,1685.96,30.585,0.018141
2013-07-29,1685.33,30.72,0.018227884
2013-07-26,1691.65,30.57,0.018071114
2013-07-25,1690.25,30.39,0.017979589
2013-07-24,1685.94,30.14,0.017877267
2013-07-23,1692.39,30.51,0.01802776
2013-07-22,1695.53,30.85,0.018194901
2013-07-19,1692.09,31.55,0.01864558
2013-07-18,1689.37,31.92,0.018894618
2013-07-17,1680.91,31.67,0.018840985
2013-07-16,1676.26,31.38,0.018720246
2013-07-15,1682.5,31.615,0.01879049
2013-07-12,1680.19,31.26,0.018605039
2013-07-11,1675.02,31.47,0.018787835
2013-07-10,1652.62,31.8,0.019242173
2013-07-09,1652.32,31.73,0.019203302
2013-07-08,1640.46,31.44,0.019165356
2013-07-05,1631.89,31.37,0.019223109
2013-07-04,1615.41,31.68,0.01961112
2013-07-03,1615.41,31.82,0.019697786
2013-07-02,1614.08,31.66,0.019614889
2013-07-01,1614.96,31.96,0.019789964
2013-06-28,1606.28,31.76,0.019772393
2013-06-27,1613.2,31.84,0.019737168
2013-06-26,1603.26,31.69,0.019765977
2013-06-25,1588.03,31.74,0.019987028
2013-06-24,1573.09,31.75,0.020183206
2013-06-21,1592.43,32.1,0.020157872
2013-06-20,1588.19,32.2,0.020274652
2013-06-19,1628.93,32.2,0.019767577
2013-06-18,1651.81,31.88,0.019300041
2013-06-17,1639.04,31.71,0.019346691
2013-06-14,1626.73,31.61,0.01943162
2013-06-13,1636.36,31.51,0.019256154
2013-06-12,1612.52,31.59,0.019590455
2013-06-11,1626.13,31.5,0.019371145
2013-06-10,1642.81,31.59,0.019229247
2013-06-07,1643.38,31.34,0.019070452
2013-06-06,1622.56,31.36,0.019327482
2013-06-05,1608.9,31.21,0.019398347
2013-06-04,1631.38,30.92,0.018953279
2013-06-03,1640.42,30.53,0.018611087
2013-05-31,1630.74,30.8,0.018887131
2013-05-30,1654.41,30.47,0.018417442
2013-05-29,1648.36,30.04,0.018224174
2013-05-28,1660.06,30.05,0.018101755
2013-05-27,1649.6,29.95,0.018155917
2013-05-24,1649.6,29.9,0.018125606
2013-05-23,1650.51,29.575,0.017918704
2013-05-22,1655.35,29.35,0.017730389
2013-05-21,1669.16,29.31,0.017559731
2013-05-20,1666.29,29.62,0.017776017
2013-05-17,1667.47,30.24,0.018135259
2013-05-16,1650.47,29.87,0.018097875
2013-05-15,1658.78,30.365,0.018305622
2013-05-14,1650.34,30.5,0.01848104
2013-05-13,1633.77,30.6,0.018729687
2013-05-10,1633.7,30.07,0.018406072
2013-05-09,1626.67,29.86,0.01835652
2013-05-08,1632.69,29.73,0.018209213
2013-05-07,1625.96,29.96,0.018426038
2013-05-06,1617.5,29.95,0.018516229
2013-05-03,1614.42,30.19,0.018700214
2013-05-02,1597.59,30.07,0.018822101
2013-05-01,1582.7,30.27,0.019125545
2013-04-30,1597.57,30.21,0.01890997
2013-04-29,1593.61,30.29,0.01900716
2013-04-26,1582.24,30.1,0.019023663
2013-04-25,1585.16,30.172,0.019034041
2013-04-24,1578.79,29.975,0.018986059
2013-04-23,1578.78,30.32,0.019204702
2013-04-22,1562.5,30.17,0.0193088
2013-04-19,1555.25,30.21,0.01942453
2013-04-18,1541.61,30.2,0.019589909
2013-04-17,1552.01,30.445,0.019616497
2013-04-16,1574.57,30.23,0.019198892
2013-04-15,1552.36,30.25,0.019486459
2013-04-12,1588.85,30.36,0.01910816
2013-04-11,1593.37,30.29,0.019010023
2013-04-10,1587.73,30.23,0.019039761
2013-04-09,1568.61,30.16,0.019227214
2013-04-08,1563.07,30.18,0.019308156
2013-04-05,1553.28,29.77,0.019165894
2013-04-04,1559.98,29.68,0.019025885
2013-04-03,1553.69,29.63,0.019070728
2013-04-02,1570.25,29.69,0.018907817
2013-04-01,1562.17,29.442,0.01884686
2013-03-29,1569.19,29.27,0.018652936
2013-03-28,1569.19,29.69,0.01892059
2013-03-27,1562.85,29.33,0.018766996
2013-03-26,1563.77,29.57,0.01890943
2013-03-25,1551.69,29.975,0.019317647
2013-03-22,1556.89,29.78,0.019127877
2013-03-21,1545.8,29.802,0.019279338
2013-03-20,1558.71,29.88,0.019169698
2013-03-19,1548.34,29.89,0.019304546
2013-03-18,1552.1,29.99,0.019322209
2013-03-15,1560.7,29.93,0.019177292
2013-03-14,1563.23,29.67,0.018979933
2013-03-13,1554.52,29.67,0.019086277
2013-03-12,1552.48,29.68,0.019117799
2013-03-11,1556.22,29.34,0.018853375
2013-03-08,1551.18,29.73,0.019166054
2013-03-07,1544.26,29.4,0.019038245
2013-03-06,1541.46,29.35,0.01904039
2013-03-05,1539.79,29.44,0.01911949
2013-03-04,1525.2,29.4,0.019276161
2013-03-01,1518.2,29.3,0.01929917
2013-02-28,1514.68,29.27,0.019324214
2013-02-27,1515.99,29.78,0.019643929
2013-02-26,1496.94,29.47,0.019686828
2013-02-25,1487.85,29.39,0.019753335
2013-02-22,1515.6,29.43,0.019418052
2013-02-21,1502.42,29.31,0.019508526
2013-02-20,1511.95,29.21,0.019319422
2013-02-19,1530.94,29.4,0.019203888
2013-02-18,1519.79,29.59,0.019469795
2013-02-15,1519.79,29.55,0.019443476
2013-02-14,1521.38,29.4,0.019324561
2013-02-13,1520.33,29.35,0.019305019
2013-02-12,1519.43,29.4612,0.01938964
2013-02-11,1517.01,29.5,0.019446147
2013-02-08,1517.93,29.62,0.019513416
2013-02-07,1509.39,29.81,0.0197497
2013-02-06,1512.12,28.85,0.019079174
2013-02-05,1511.29,28.36,0.018765426
2013-02-04,1495.71,28.68,0.01917484
2013-02-01,1513.17,28.71,0.018973413
2013-01-31,1498.11,28.87,0.019270948
2013-01-30,1501.96,28.95,0.019274814
2013-01-29,1507.84,29.37,0.019478194
2013-01-28,1500.18,29.32,0.019544321
2013-01-25,1502.96,29.47,0.019607974
2013-01-24,1494.82,29.04,0.019427088
2013-01-23,1494.81,28.69,0.019193075
2013-01-22,1492.56,28.97,0.019409605
2013-01-21,1485.98,29.18,0.019636873
2013-01-18,1485.98,29.23,0.01967052
2013-01-17,1480.94,28.84,0.019474118
2013-01-16,1472.63,28.77,0.019536476
2013-01-15,1472.34,28.915,0.019638806
2013-01-14,1470.68,28.75,0.01954878
2013-01-11,1472.05,29.035,0.019724194
2013-01-10,1472.12,29.09,0.019760617
2013-01-09,1461.02,29.13,0.019938125
2013-01-08,1457.15,29.16,0.020011667
2013-01-07,1461.89,29.02,0.019851015
2013-01-04,1466.47,28.8487,0.019672206
2013-01-03,1459.37,28.975,0.019854458
2013-01-02,1462.42,28.85,0.019727575
2013-01-01,1426.19,28.39,0.019906184
2012-12-31,1426.19,28.3,0.019843078
2012-12-28,1402.43,28.415,0.020261261
2012-12-27,1418.1,27.66,0.019504971
2012-12-26,1419.83,27.62,0.019453033
2012-12-25,1426.66,27.775,0.019468549
2012-12-24,1426.66,28.06,0.019668316
2012-12-21,1430.15,28.195,0.019714715
2012-12-20,1443.69,28.24,0.019560986
2012-12-19,1435.81,28.11,0.019577799
2012-12-18,1446.79,28.52,0.019712605
2012-12-17,1430.36,29.25,0.020449397
2012-12-14,1413.58,29.12,0.020600178
2012-12-13,1419.45,28.96,0.020402268
2012-12-12,1428.48,29.34,0.020539315
2012-12-11,1427.84,28.8705,0.020219702
2012-12-10,1418.55,28.99,0.020436361
2012-12-07,1418.07,28.94,0.020408019
2012-12-06,1413.94,29,0.020510064
2012-12-05,1409.28,29.17,0.020698513
2012-12-04,1407.05,29.49,0.020958743
2012-12-03,1409.46,29.29,0.020781008
2012-11-30,1416.18,29.965,0.021159033
2012-11-29,1415.95,30.32,0.021413185
2012-11-28,1409.93,30.48,0.021618095
2012-11-27,1398.94,30.07,0.021494846
2012-11-26,1406.29,29.92,0.021275839
2012-11-23,1409.15,29.94,0.021246851
2012-11-22,1391.03,30.06,0.021609886
2012-11-21,1391.03,30.18,0.021696153
2012-11-20,1387.81,30.57,0.022027511
2012-11-19,1386.89,30.89,0.022272855
2012-11-16,1359.88,31.05,0.022832897
2012-11-15,1353.33,30.96,0.022876904
2012-11-14,1355.49,30.8,0.02272241
2012-11-13,1374.53,30.76,0.022378558
2012-11-12,1380.03,30.825,0.022336471
2012-11-09,1379.85,31.045,0.022498822
2012-11-08,1377.51,30.65,0.022250292
2012-11-07,1394.53,30.87,0.02213649
2012-11-06,1428.39,31.31,0.021919784
2012-11-05,1417.26,31.51,0.022233041
2012-11-02,1414.2,31.6,0.022344789
2012-11-01,1427.59,31.66,0.022177236
2012-10-31,1412.16,31.63,0.022398312
2012-10-30,1411.94,31.61,0.022387637
2012-10-29,1411.94,31.58,0.02236639
2012-10-26,1411.94,31.43,0.022260153
2012-10-25,1412.97,31.01,0.02194668
2012-10-24,1408.75,30.84,0.021891748
2012-10-23,1413.11,30.76,0.021767591
2012-10-22,1433.82,31.09,0.021683335
2012-10-19,1433.19,31.14,0.021727754
2012-10-18,1457.34,30.46,0.020901094
2012-10-17,1460.91,30.49,0.020870553
2012-10-16,1454.92,30.49,0.020956479
2012-10-15,1440.13,30.25,0.021005048
2012-10-12,1428.59,30.59,0.021412722
2012-10-11,1432.84,30.53,0.021307334
2012-10-10,1432.56,30.6,0.021360362
2012-10-09,1441.48,30.57,0.02120737
2012-10-08,1455.88,30.38,0.020867104
2012-10-05,1460.93,30.63,0.020966097
2012-10-04,1461.4,30.58,0.02092514
2012-10-03,1450.99,30.78,0.021213103
2012-10-02,1445.75,30.75,0.021269237
2012-10-01,1444.49,30.58,0.021170102
2012-09-28,1440.67,30.17,0.020941645
2012-09-27,1447.15,30.16,0.020840963
2012-09-26,1433.32,30.22,0.021083917
2012-09-25,1441.59,30.13,0.020900533
2012-09-24,1456.89,30.06,0.020632992
2012-09-21,1460.15,29.96,0.02051844
2012-09-20,1460.26,29.95,0.020510046
2012-09-19,1461.05,29.75,0.020362068
2012-09-18,1459.32,29.54,0.020242305
2012-09-17,1461.19,28.97,0.019826306
2012-09-14,1465.77,29.16,0.019893981
2012-09-13,1459.99,29.26,0.020041233
2012-09-12,1436.56,29.14,0.020284569
2012-09-11,1433.56,29.13,0.020320042
2012-09-10,1429.08,28.51,0.019949898
2012-09-07,1437.92,28.08,0.019528207
2012-09-06,1432.12,28.19,0.019684105
2012-09-05,1403.44,28.48,0.020292994
2012-09-04,1404.94,28.755,0.020467066
2012-09-03,1406.58,29.09,0.020681369
2012-08-31,1406.58,28.84,0.020503633
2012-08-30,1399.48,28.35,0.020257524
2012-08-29,1410.49,28.24,0.020021411
2012-08-28,1409.3,28.27,0.020059604
2012-08-27,1410.44,27.9,0.019781061
2012-08-24,1411.13,28.18,0.019969811
2012-08-23,1402.08,28.31,0.02019143
2012-08-22,1413.49,28.63,0.02025483
2012-08-21,1413.17,28.69,0.020301875
2012-08-20,1418.13,29.12,0.020534084
2012-08-17,1418.16,29.12,0.020533649
2012-08-16,1415.51,28.89,0.020409605
2012-08-15,1405.53,28.725,0.02043713
2012-08-14,1403.93,27.95,0.0199084
2012-08-13,1404.11,28.18,0.020069653
2012-08-10,1405.87,28.01,0.019923606
2012-08-09,1402.8,27.9,0.019888794
2012-08-08,1402.22,28.48,0.02031065
2012-08-07,1401.35,28.165,0.020098476
2012-08-06,1394.23,28.85,0.020692425
2012-08-03,1390.99,28.8,0.020704678
2012-08-02,1365,28.58,0.020937729
2012-08-01,1375.32,28.37,0.020627927
2012-07-31,1379.32,28.18,0.020430357
2012-07-30,1385.3,28.04,0.020241103
2012-07-27,1385.97,28.21,0.020353976
2012-07-26,1360.02,27.93,0.020536463
2012-07-25,1337.89,28.33,0.021175134
2012-07-24,1338.31,28.02,0.020936853
2012-07-23,1350.52,28.155,0.020847525
2012-07-20,1362.66,27.525,0.020199463
2012-07-19,1376.51,27.36,0.019876354
2012-07-18,1372.78,27.2,0.019813808
2012-07-17,1363.67,27.93,0.020481495
2012-07-16,1353.64,28.06,0.020729293
2012-07-13,1356.78,28.24,0.020813986
2012-07-12,1334.76,27.87,0.020880158
2012-07-11,1341.45,27.93,0.020820754
2012-07-10,1341.47,28.09,0.020939715
2012-07-09,1352.46,28.06,0.020747379
2012-07-06,1354.68,28.15,0.020779815
2012-07-05,1367.58,27.47,0.020086576
2012-07-04,1374.02,27.73,0.020181657
2012-07-03,1374.02,28.13,0.020472773
2012-07-02,1365.51,28.36,0.020768797
2012-06-29,1362.16,28.44,0.020878605
2012-06-28,1329.04,28.69,0.02158701
2012-06-27,1331.85,28.67,0.021526448
2012-06-26,1319.99,28.89,0.021886529
2012-06-25,1313.72,28.885,0.021987181
2012-06-22,1335.02,28.99,0.02171503
2012-06-21,1325.51,29.07,0.021931181
2012-06-20,1355.69,29.69,0.021900287
2012-06-19,1357.98,29.94,0.022047453
2012-06-18,1344.78,29.92,0.022248992
2012-06-15,1342.84,29.82,0.022206666
2012-06-14,1329.1,30.03,0.022594237
2012-06-13,1314.88,30.04,0.022846191
2012-06-12,1324.18,29.805,0.022508269
2012-06-11,1308.93,28.99,0.022147861
2012-06-08,1325.66,29.05,0.021913613
2012-06-07,1314.99,29.28,0.022266329
2012-06-06,1315.13,29.39,0.022347601
2012-06-05,1285.5,29.69,0.023096072
2012-06-04,1278.18,29.94,0.023423931
2012-06-01,1278.04,29.3,0.02292573
2012-05-31,1310.33,29.61,0.022597361
2012-05-30,1313.32,30.075,0.022899979
2012-05-29,1332.42,29.71,0.022297774
2012-05-28,1317.82,29.535,0.022412014
2012-05-25,1317.82,29.96,0.022734516
2012-05-24,1320.68,30.17,0.022844292
2012-05-23,1318.86,30.1,0.022822741
2012-05-22,1316.63,30.46,0.023134821
2012-05-21,1315.99,30.48,0.02316127
2012-05-18,1295.22,30.16,0.023285619
2012-05-17,1304.86,30.25,0.023182564
2012-05-16,1324.8,30.31,0.022878925
2012-05-15,1330.66,30.42,0.022860836
2012-05-14,1338.35,30.43,0.022736952
2012-05-11,1353.39,29.985,0.022155476
2012-05-10,1357.99,29.99,0.02208411
2012-05-09,1354.58,30.06,0.02219138
2012-05-08,1363.72,30.07,0.022049981
2012-05-07,1369.58,30.1,0.021977541
2012-05-04,1369.1,29.88,0.021824556
2012-05-03,1391.57,29.99,0.021551198
2012-05-02,1402.31,29.91,0.021329093
2012-05-01,1405.82,29.8,0.021197593
2012-04-30,1397.91,29.22,0.020902633
2012-04-27,1403.36,29.18,0.020792954
2012-04-26,1399.98,29.05,0.020750296
2012-04-25,1390.69,28.76,0.020680382
2012-04-24,1371.97,28.545,0.020805849
2012-04-23,1366.94,28.83,0.021090904
2012-04-20,1378.53,29.08,0.021094934
2012-04-19,1376.92,29.12,0.021148651
2012-04-18,1385.14,28.945,0.020896805
2012-04-17,1390.78,29.08,0.02090913
2012-04-16,1369.57,28.87,0.021079609
2012-04-13,1370.26,28.82,0.021032505
2012-04-12,1387.57,28.65,0.020647607
2012-04-11,1368.71,28.54,0.020851751
2012-04-10,1358.59,28.64,0.021080679
2012-04-09,1382.2,28.52,0.020633772
2012-04-06,1398.08,28.52,0.020399405
2012-04-05,1398.08,28.11,0.020106146
2012-04-04,1398.96,28.26,0.020200721
2012-04-03,1413.38,28.21,0.019959247
2012-04-02,1419.04,28.03,0.019752791
2012-03-30,1408.47,28.24,0.020050125
2012-03-29,1403.28,27.97,0.019931874
2012-03-28,1405.54,27.8,0.019778875
2012-03-27,1412.52,27.73,0.01963158
2012-03-26,1416.51,27.715,0.019565693
2012-03-23,1397.11,27.37,0.01959044
2012-03-22,1392.78,27.3,0.019601086
2012-03-21,1402.89,27.03,0.01926737
2012-03-20,1405.52,26.98,0.019195743
2012-03-19,1409.75,26.9,0.019081397
2012-03-16,1404.17,26.9,0.019157225
2012-03-15,1402.6,27.08,0.019307001
2012-03-14,1394.28,26.87,0.019271595
2012-03-13,1395.95,26.89,0.019262868
2012-03-12,1371.09,26.8,0.019546492
2012-03-09,1370.87,26.77,0.019527745
2012-03-08,1365.91,26.58,0.019459554
2012-03-07,1352.63,,
2012-03-06,1343.36,,
2012-03-05,1364.33,,
2012-03-02,1369.63,,
2012-03-01,1374.09,,
2012-02-29,1365.68,,
2012-02-28,1372.18,,
2012-02-27,1367.59,,
2012-02-24,1365.74,,
2012-02-23,1363.46,,
2012-02-22,1357.66,,
2012-02-21,1362.21,,
2012-02-20,1361.23,,
2012-02-17,1361.23,,
2012-02-16,1358.04,,
2012-02-15,1343.23,,
2012-02-14,1350.5,,
2012-02-13,1351.77,,
2012-02-10,1342.64,,
2012-02-09,1351.95,,
2012-02-08,1349.96,,
2012-02-07,1347.05,,
2012-02-06,1344.33,,
2012-02-03,1344.9,,
2012-02-02,1325.54,,
2012-02-01,1324.09,,
2012-01-31,1312.41,,
2012-01-30,1313.01,,
2012-01-27,1316.33,,
2012-01-26,1318.43,,
2012-01-25,1326.06,,
2012-01-24,1314.65,,
2012-01-23,1316,,
2012-01-20,1315.38,,
2012-01-19,1314.5,,
2012-01-18,1308.04,,
